result.name.first,result.name.last,result.username,result.password,result.phoneNumber,result.location.street,result.location.city,result.location.state,result.location.country,result.location.zip,result.location.coordinates.latitude,result.location.coordinates.longitude,result.domain,result.job,result.salary,result.uuid,result.objectId
Kenny,Robel,Kenny-Robel,M80X8bKqAkY2sUX,720-723-2168,163 Weber Turnpike,Fort Leilani,Ohio,Cape Verde,13700-5321,37.8744,-124.481,left-almanac.biz,District Interactions Manager,115.00,d9ecd5ee-78b5-4bdc-93e4-7e6e95a4cd7e,669149025ec30c51145518a2
Donato,Torphy,Donato-Torphy,HGGVlETkQPcLKeV,931.978.9824 x01934,50019 Murray Haven,Hegmannstad,Maine,Democratic Republic of the Congo,19432-1931,-63.1739,-71.8589,whole-prince.biz,Dynamic Research Developer,777.00,4f07b690-6a0d-4706-94d5-8f47fe46ccb6,669149025ec30c51145518a3
Price,Senger,Price-Senger,cJ0eu8HqiA7mcYf,697.589.6704,1404 Lowe Viaduct,Effertzstead,Tennessee,Hong Kong,25271,-31.1358,-0.5469,spectacular-claim.com,Investor Group Specialist,395.00,c97a9cc1-c449-409a-a604-676e20b3539c,669149025ec30c51145518a4
Nolan,Jacobson,Nolan-Jacobson,WIJD90iyDUgI16D,921-668-8340,8957 Frami Trace,Fort Kaelynfield,Ohio,Mauritius,19706-4515,10.6949,87.1692,corny-zinc.info,Legacy Division Manager,447.00,400c220f-6bbd-4bca-862d-76b8f8f6e1f4,669149025ec30c51145518a5
Jaclyn,Feeney,Jaclyn-Feeney,lom4jdezjeEPbZy,535-683-0721 x5726,601 Veda Field,North Amalia,Texas,Tokelau,21058-8810,-78.2433,170.0567,foolhardy-traffic.name,Lead Applications Strategist,607.00,8e7d136e-2dcd-4a5c-a22a-e802bc452908,669149025ec30c51145518a6
Alycia,Robel,Alycia-Robel,zsCoXz3tkBGucR6,1-932-578-6584 x85617,18225 Casper Spring,Barrowsshire,New Jersey,New Caledonia,11463-8648,-54.4743,-58.9498,multicolored-phrase.net,District Mobility Developer,583.00,843a348e-c211-498b-858f-d58735a09925,669149025ec30c51145518a7
Estevan,Hoeger,Estevan-Hoeger,fwQ2tzndftetnkB,(682) 210-8290 x7903,2392 Loy Ford,West Celestine,New York,Benin,91313,-38.6969,163.038,unrealistic-revenue.org,Chief Infrastructure Strategist,126.00,4d6333aa-8f21-4ee7-b6bf-57382d9aaf03,669149025ec30c51145518a8
Garett,Bayer,Garett-Bayer,2vvUPPa2GLOVKtP,811-264-2206 x83560,54729 Corwin Heights,Lake Ridge,Virginia,Taiwan,73293,-8.2585,114.569,fatal-subprime.org,National Brand Specialist,584.00,8629a20c-2ef3-4b03-81b9-10467570dc5e,669149025ec30c51145518a9
Rhea,Runolfsdottir,Rhea-Runolfsdottir,wyCIrfUalNGUtGN,433.575.5280,3696 Nicolas Throughway,Hayesfurt,Nevada,Colombia,33224-2105,-30.1622,-155.4815,stormy-crayon.biz,Customer Optimization Consultant,628.00,aa9a7c98-dc42-45f2-9ae5-a067014f92a0,669149025ec30c51145518aa
Emilio,Hintz,Emilio-Hintz,oMp3ZIEPVykID2B,(486) 255-8393 x14742,43867 Hudson Burg,Alexandria,Rhode Island,Tajikistan,24693-4089,66.4893,71.1124,clean-vet.info,Investor Operations Manager,74.00,ecc1d237-cd81-4688-b32e-a3192945e805,669149025ec30c51145518ab
Yvette,Shields,Yvette-Shields,nBMQrbgvKVmxnPt,829-809-3035,84426 Blanda Island,Rosellastad,Idaho,Armenia,90946,-20.8778,149.4888,juicy-phone.name,Lead Mobility Manager,938.00,b76e9875-1f72-4c5d-be0d-47232254103f,669149025ec30c51145518ac
Kristoffer,Braun,Kristoffer-Braun,jj_sye_8fYYrPPC,475-985-4284,182 Maymie River,Kreigerview,Kentucky,Chile,91449,-89.3664,-70.798,hasty-validity.com,Chief Mobility Developer,230.00,36ab4e94-58bf-45c2-9273-d288782f63bd,669149025ec30c51145518ad
Erling,Homenick,Erling-Homenick,cpoyZ_mtOfCJRKq,(753) 936-6337 x0137,8500 Jakubowski Shore,Blancheborough,Hawaii,San Marino,73209-1012,-55.0916,45.6078,burdensome-professor.biz,Corporate Identity Developer,203.00,70c5c3ee-b7cd-403a-a9e8-79ce12fce6c9,669149025ec30c51145518ae
Jan,Doyle-Harber,Jan-Doyle-Harber,qS0QuO4bPh6gnpz,858.332.2086 x195,5495 Ashly Isle,South Ianstead,Minnesota,Lao People's Democratic Republic,37477,2.5068,19.616,submissive-tomb.net,Direct Infrastructure Executive,869.00,8859b647-e25c-4c74-bddb-9996e94959b2,669149025ec30c51145518af
Glenda,Walker,Glenda-Walker,WJTyJ7viHBaVBtP,(645) 277-3740,91450 Weissnat Route,Christopherton,Maine,Nauru,05465,29.7959,-128.3609,stale-literature.com,Future Division Specialist,682.00,d19ee1d7-6d11-4a57-8100-13720f2716e3,669149025ec30c51145518b0
Tierra,Stroman,Tierra-Stroman,7KHLkLbazzGhLpT,881.265.5560,82707 Rebeca Land,Perth Amboy,Delaware,Sierra Leone,57786-9403,60.5069,159.8813,violent-paranoia.biz,District Quality Assistant,905.00,5ecc52ba-46d4-4aed-bd4a-1b87a5f8ce14,669149025ec30c51145518b1
Johnson,Christiansen,Johnson-Christiansen,u25u79T3rNAsOUJ,758.914.1870 x29314,3689 Franecki Gardens,Kennewick,Louisiana,French Southern Territories,71556,-22.9294,-123.0522,late-week.name,Chief Accounts Orchestrator,836.00,ea157188-3001-45c5-9827-d309dd1901c2,669149025ec30c51145518b2
Trevion,Zieme,Trevion-Zieme,at0AkN8cI3j3zBy,298.514.7413 x646,6762 Gennaro Forges,Port Johathanview,New Jersey,Bolivia,32853-4829,-25.8628,158.1359,clever-intentionality.org,International Interactions Orchestrator,542.00,1ee07774-568e-4bcb-a38f-bf15b35546bf,669149025ec30c51145518b3
Kristian,Kilback,Kristian-Kilback,jSDogTfDgGYiMaO,(594) 542-9009,42042 Helena Crest,Janesville,Massachusetts,Montenegro,81858-6553,-45.1787,-27.0121,scientific-batting.biz,Regional Accounts Orchestrator,924.00,3b3adf16-dba2-4b0e-8e13-169aa051f38f,669149025ec30c51145518b4
Lilly,Crooks,Lilly-Crooks,6XvDhHya4UYYQeE,1-757-460-5851 x3132,68041 Runolfsson Stream,Lake Ignacio,Iowa,Guam,84210,58.1418,-140.7985,dental-rainy.org,Principal Data Supervisor,172.00,d44fd4ae-0a31-45aa-99f3-239bc1299957,669149025ec30c51145518b5
Gunnar,Kreiger,Gunnar-Kreiger,wABYfTWElhLndFa,(747) 449-5044 x823,2139 Genesis Shores,East Era,Kentucky,Thailand,61013,59.5229,21.478,spotless-malnutrition.biz,Customer Metrics Director,793.00,94214c4c-753b-4116-bcc0-772e3c8cfdb3,669149025ec30c51145518b6
Josefina,Kunde,Josefina-Kunde,01bvnZ2w5rwEUhX,(252) 814-6760,13246 Ernser Groves,East Hartford,Washington,Liberia,46936,83.1476,-177.3013,majestic-administration.com,Human Factors Analyst,29.00,25d0535e-7eb8-43d9-ab36-6f92a6f49b7d,669149025ec30c51145518b7
Estel,Pacocha,Estel-Pacocha,xRwHCFmlNNQBURX,1-219-302-4543,62618 Lane Parks,Collierchester,Montana,Saint Lucia,90956,-5.9565,-130.6548,simple-pressure.com,Principal Branding Liaison,224.00,c7b2aeec-5866-4974-9928-22aa44b0f0fc,669149025ec30c51145518b8
Dax,Brekke,Dax-Brekke,YGNkrkGgeE1vl81,309-945-9798 x89594,32557 Marlen Loop,Olathe,Utah,Qatar,37988,19.8797,15.6415,generous-holder.info,Investor Interactions Facilitator,660.00,5161a601-9503-43c5-ae20-9e803dff67d5,669149025ec30c51145518b9
Andy,Kihn,Andy-Kihn,b0JedAA160EN9qZ,1-891-531-6821 x94475,3045 Roob Street,Aliciatown,North Carolina,Reunion,84338,4.2724,-66.8913,courteous-footprint.biz,Direct Group Engineer,919.00,10ca0e64-f738-4b61-b11e-fa40755b2e7f,669149025ec30c51145518ba
Freddy,Hane,Freddy-Hane,lJmmhq6mxYWYzCp,878.876.1798 x408,9094 Zboncak Neck,Sebastiancester,North Dakota,Bulgaria,88350-1994,-83.2332,-96.8703,fumbling-glasses.biz,Global Group Orchestrator,948.00,37dab089-4f60-4b03-801e-68c476a5e89d,669149025ec30c51145518bb
Riley,Torp,Riley-Torp,nFyGECa2rhmtfPE,(538) 971-7902 x693,3681 Zulauf Curve,Port Trevorhaven,Minnesota,Lao People's Democratic Republic,83485-9917,34.6698,139.5857,unimportant-talking.biz,Principal Web Coordinator,241.00,551f8b93-3868-4e11-81ff-95b878cadeb2,669149025ec30c51145518bc
Harmon,Blick,Harmon-Blick,vK4LiiWyKMYxRLk,438.937.5933 x9427,59430 Collins Estate,New Bedford,Connecticut,Aruba,64268-8017,-60.9206,-30.7837,primary-calculus.net,Human Communications Producer,904.00,f346147e-b33b-45ee-bb0e-830128021960,669149025ec30c51145518bd
Maritza,Brakus,Maritza-Brakus,EPle0gLpLaxbwMw,447.900.3265,73151 Elaina Shoal,North Devante,Wyoming,Lebanon,86927,43.9109,-54.5067,vicious-satire.name,Legacy Program Director,80.00,43ebadda-1e24-4c4c-b9da-e057ed8ec451,669149025ec30c51145518be
Adrian,Ward-Kassulke,Adrian-Ward-Kassulke,FSNvF3l75nBzch_,684.997.1026 x5586,17605 Susan Plains,Kerlukehaven,Michigan,Brunei Darussalam,28950,-20.6773,165.9072,notable-destination.com,Future Research Representative,522.00,f24aed68-f2c0-4c72-ad4e-ad32dc445593,669149025ec30c51145518bf
Fannie,Jenkins-Bednar,Fannie-Jenkins-Bednar,ujqkN_VXPymgPLW,(469) 876-1993 x8298,430 Reilly Lock,South Chelsiefort,North Carolina,Cote d'Ivoire,84793,72.2977,170.3093,uncomfortable-lack.com,District Division Designer,255.00,5d8678e4-b218-46d0-9c75-01eef9a5a3fc,669149025ec30c51145518c0
Leonora,Fadel,Leonora-Fadel,lnT4TroV4vWp_Zs,348.400.3090 x257,423 Kacie Greens,Bernhardland,Alaska,Sri Lanka,13839-4304,-13.6727,116.72,submissive-malnutrition.biz,Regional Brand Executive,144.00,fb22ee82-664e-4af5-9d1a-0e8d9db9c2f5,669149025ec30c51145518c1
Larissa,Cormier,Larissa-Cormier,Ga2aGR4SCAgIwse,262.280.3421,13466 Brown Roads,Eldorastead,New Jersey,Aland Islands,17105-0023,-10.1345,175.4713,hearty-batting.name,Customer Infrastructure Analyst,999.00,27e4abc0-a753-463d-8bf3-56d07e3a0281,669149025ec30c51145518c2
Hope,Carter,Hope-Carter,KMOHbAgAR0MGDRL,599.606.4029 x1934,974 Laney Manors,Connellymouth,Virginia,"Virgin Islands, U.S.",91632,78.651,40.5697,friendly-strike.org,National Program Executive,382.00,3e0aff4d-d1ce-450a-85a1-cbfa42725424,669149025ec30c51145518c3
Vivian,Feeney,Vivian-Feeney,xNwrsT2Xx5HQqIb,(508) 333-6824,276 Cummings Squares,Wardmouth,New York,Benin,22667-9949,4.7749,-157.575,somber-carp.net,Chief Usability Executive,769.00,5258dd9c-2fbb-447c-9dea-16f20ff26f3a,669149025ec30c51145518c4
Delores,Hahn,Delores-Hahn,cTE8tLT_Ig8n7z3,284-346-0413 x559,110 Levi Knoll,Jupiter,South Carolina,"Virgin Islands, British",47556,-45.137,164.8003,double-algebra.org,International Infrastructure Developer,682.00,0f42e329-c02d-470b-8421-871a2ec97b12,669149025ec30c51145518c5
Letha,Kirlin,Letha-Kirlin,wf7vwtbjEipyJY0,(967) 814-5644 x6689,540 Cremin Pines,New Angelina,Oregon,Morocco,57794-9894,14.073,-35.0287,vigorous-sale.info,District Tactics Manager,30.00,1a6614f7-dae3-4899-98e9-f693cbbd8d5f,669149025ec30c51145518c6
Deja,Daniel,Deja-Daniel,kDTm4MzjEYT6ZNn,457-894-8812 x352,610 Desiree Brook,La Mirada,Florida,Liberia,52896,89.2386,-77.7119,unused-abacus.biz,Central Communications Orchestrator,995.00,6b50930b-e858-48b3-b911-b2bfac86cce9,669149025ec30c51145518c7
Yesenia,Johnson,Yesenia-Johnson,hL5Bwr6Sd4_X8aT,(812) 841-3567,938 Elna Well,Betsystead,New Hampshire,Tokelau,16642,-46.3188,-154.7944,ashamed-pasture.name,Global Markets Officer,623.00,c95257a7-73df-4d00-9f18-17cf14f61fa5,669149025ec30c51145518c8
Barbara,McKenzie,Barbara-McKenzie,eKwfcyvcPNRllmu,1-394-544-1535 x34837,252 Parisian Springs,Bauchfield,Massachusetts,Montserrat,96650,20.8005,-22.4943,pointed-admire.net,Central Operations Producer,534.00,ca243463-46db-4418-996f-7719c69e72b4,669149025ec30c51145518c9
Geoffrey,Koepp,Geoffrey-Koepp,Ku3w1Ju4gEwo9Xx,203.248.0094,36716 Cole Causeway,Hemet,Hawaii,Lao People's Democratic Republic,57004-5887,-60.7136,-21.8814,memorable-wetland.org,Dynamic Operations Producer,592.00,68dd3b9c-fffa-4011-8995-6e66662cdb2f,669149025ec30c51145518ca
Estella,Harvey,Estella-Harvey,M_lLB_LtmOmemwy,(367) 736-1852 x821,8434 Tabitha Lodge,Elizatown,North Carolina,French Guiana,40823-0374,30.7206,-117.5004,infinite-speaker.com,Direct Branding Coordinator,995.00,d3cb42fe-9e7a-4323-a50d-abf319eadfd3,669149025ec30c51145518cb
Ericka,Auer,Ericka-Auer,yvjj85F6A_TGc5F,1-896-722-8297 x622,179 Josue Vista,West Juanita,Nebraska,Guinea,67432-8908,54.9911,-128.4654,secret-postage.com,Internal Program Planner,405.00,f4c016b9-e9f6-48dd-8cb6-3a1834a3f7b4,669149025ec30c51145518cc
Osbaldo,Shields,Osbaldo-Shields,4nQP7vb1V831HPs,1-498-571-0341 x911,36573 Langworth Dale,Morissettefield,Georgia,Isle of Man,16278,-17.1275,-135.5653,prime-louse.biz,Central Paradigm Specialist,285.00,7a6edf62-5cdc-4d21-b2ea-19dee1b5a13d,669149025ec30c51145518cd
Lolita,Cole,Lolita-Cole,f5vPAJWmYc1oLdC,366.766.0136,9728 Reed Mount,Port Salvatorefort,New York,Cameroon,56127-4272,62.8891,-139.5144,acrobatic-initialize.org,Lead Directives Technician,323.00,d21ca057-0e74-4cf2-a024-cf1aed166f7e,669149025ec30c51145518ce
Serena,Klocko,Serena-Klocko,0_8B59AbWs_IHZe,675-992-1148 x820,75683 Magnus Crest,East Eddieville,Kansas,Albania,90833-0107,26.6894,67.6216,pale-electricity.com,Principal Program Liaison,573.00,02f5b1c9-c6c3-4f24-acbc-c01df72de77d,669149035ec30c51145518cf
Vernon,Erdman,Vernon-Erdman,s98fIzF6mpQZbgS,(322) 564-7372,321 Baumbach Creek,Macejkovicberg,Ohio,Anguilla,64902-5929,22.5489,121.4989,judicious-batter.info,Chief Identity Designer,956.00,2d88bfe0-1f0c-4e03-adbf-b6c598e8b2eb,669149035ec30c51145518d0
Trycia,Moen,Trycia-Moen,fN1pzexATes9tGE,1-594-372-6629,8186 VonRueden Harbor,Ubaldoview,Mississippi,Turks and Caicos Islands,56478-2845,28.2816,-34.8479,giving-globe.biz,Principal Accounts Associate,436.00,a7794293-a60b-4bee-900b-77a1f066206b,669149035ec30c51145518d1
Raoul,Spinka,Raoul-Spinka,cxltI9zCJTbUJNL,452-980-3465 x50684,663 Nolan Point,Brycefurt,Mississippi,Sint Maarten,43542-5336,33.1639,78.1781,favorite-grill.net,Central Web Representative,571.00,4661c67a-34c1-4389-a76c-d2afceeacc2a,669149035ec30c51145518d2
Joel,Dach,Joel-Dach,LOutbIRe8Z3I1f4,1-486-303-4584 x28845,3219 Kacie Avenue,Nathanview,Michigan,Equatorial Guinea,24890,79.6526,-160.832,impure-molding.biz,Direct Research Liaison,798.00,d52a4947-5593-4e0f-b2e7-682577d51aeb,669149035ec30c51145518d3
Odie,Franey,Odie-Franey,3GsRELmU4Bpq6H4,1-225-595-5111 x16639,25157 Kunde Mews,North Ramonbury,Mississippi,Nauru,97267-4090,46.0328,-70.9679,inborn-enclosure.net,Legacy Directives Director,727.00,790a7d2f-2fb2-408b-a49e-32e2a7eeb342,669149035ec30c51145518d4
Jerad,Pagac,Jerad-Pagac,gmocBuTGK_OP8lS,1-333-228-3861 x290,9220 Osinski Valley,Tamiami,New York,Democratic People's Republic of Korea,71829,33.8167,56.9794,diligent-whistle.biz,National Branding Facilitator,836.00,1078c775-3cf1-4433-8b5a-cd708bf26980,669149035ec30c51145518d5
Beverly,Daugherty,Beverly-Daugherty,h9za_VR0rsV5C8K,901.826.0476 x69923,5838 Lonnie Trace,Port Dockborough,Illinois,Niue,94886-1613,-7.5434,-7.1059,cheap-ice.com,Future Marketing Designer,917.00,222cc454-ab91-40c1-87c2-6c8736b9a7d9,669149035ec30c51145518d6
Jensen,Gutkowski,Jensen-Gutkowski,qYaAp5ekUxAxbF0,1-332-827-7692 x49281,3172 Camila Islands,South Doyleworth,Rhode Island,Congo,06276,-46.833,160.7557,hard-share.biz,Senior Accountability Officer,859.00,24f8b3a3-34ab-4584-93e7-2c288a7ca6fd,669149035ec30c51145518d7
Freddie,Dare,Freddie-Dare,q_y9lrfgLq077fJ,1-478-755-1673 x006,46692 Fritsch Coves,Kulasview,Missouri,Bolivia,75160-5363,25.5914,-126.7945,worried-equinox.biz,Future Brand Agent,219.00,65e7ec8a-7e61-4386-b015-ff95230794a2,669149035ec30c51145518d8
Hector,Reichert,Hector-Reichert,9jFLWUWD9eimDO7,1-970-925-9136 x19360,81333 Becker Plain,East Emmetworth,California,Mayotte,72325,-19.9011,-36.7974,intentional-thunderstorm.info,Regional Security Liaison,954.00,bd3773f6-5a87-4ef6-9dec-14218253e02c,669149035ec30c51145518d9
Thad,Okuneva,Thad-Okuneva,uRHnwCDXqXQAOR4,558.426.5033 x3016,3981 Ernie Brooks,Adrielshire,New York,Cuba,43790,7.8135,-12.5742,ornery-cat.net,Product Factors Representative,824.00,4d502817-75e5-43ea-9740-6dfbc55fc810,669149035ec30c51145518da
Salma,Littel-Ondricka,Salma-Littel-Ondricka,mgMKl9NVjqhBEmp,540-947-3683 x44850,8476 Kaitlin Manors,Escondido,Nebraska,Cote d'Ivoire,53699,1.161,127.8164,droopy-impulse.net,Forward Paradigm Manager,400.00,99976a58-88a0-4ccb-9929-c09aa1929044,669149035ec30c51145518db
Zoila,Johnson,Zoila-Johnson,y71ypvL851n1Nbk,1-453-407-4134,6999 Torphy Greens,South Missouri,North Carolina,Argentina,70905-0511,65.977,-178.5706,stunning-roster.com,Chief Mobility Director,671.00,2a9bb977-8aa4-481f-965c-0c10d704cd58,669149035ec30c51145518dc
Deangelo,Legros,Deangelo-Legros,zZHoMRcA1WhRf4_,1-896-638-3527,164 Bins Ferry,Boehmboro,West Virginia,Saint Barthelemy,96144,-75.1674,-72.0583,parched-astrakhan.biz,Lead Usability Executive,178.00,88ad2d04-70c5-4c5c-a985-c668a5aa3eb8,669149035ec30c51145518dd
Connor,Stiedemann,Connor-Stiedemann,cRnvazVh_XDLOq2,847.527.2581 x1507,3438 Franey Orchard,Andersonside,Arizona,Namibia,57679-6236,60.0137,108.3724,hearty-jam.com,Chief Accounts Strategist,247.00,26619abd-d774-4cc6-bd19-fd6c2f2dc546,669149035ec30c51145518de
Wendy,Howell,Wendy-Howell,25xEbga5f1y38uE,933-498-9041 x0803,9133 Jenkins Crossing,South Arjun,Oklahoma,Antarctica,70471-4030,8.1594,152.9125,oddball-ale.org,Product Accounts Manager,559.00,14259fa4-28ea-4a2e-8ed5-bb49ad3f77d3,669149035ec30c51145518df
Toby,Doyle,Toby-Doyle,Y57HTHX0dTzdNsz,(200) 958-7240 x8047,56452 Wilhelm Meadow,Ogden,Connecticut,Bulgaria,81599,-48.276,-2.4011,ornery-verification.com,Principal Quality Developer,473.00,ec153414-d5e4-49f1-a211-6275c6f2a8bc,669149035ec30c51145518e0
Isobel,Bauch,Isobel-Bauch,lQ6yg019qq0dQNA,1-548-312-4613 x2835,694 Jaida Causeway,West Kentonbury,North Dakota,Albania,15432-0719,-48.75,-177.9961,whispered-detective.org,Senior Metrics Agent,673.00,bbcb560a-32be-417a-a72a-bcbebdf72a31,669149035ec30c51145518e1
Asia,Corkery,Asia-Corkery,sJTlp087OO8Cxz0,(239) 340-6620,920 Bertrand Port,Runolfssonton,South Carolina,Kuwait,87860-9206,-16.6129,6.6991,dangerous-spree.net,Direct Intranet Coordinator,832.00,16e60b8a-b5c9-4716-bcac-c75010d37e92,669149035ec30c51145518e2
Martina,Wunsch,Martina-Wunsch,stALEghAMPgw3ZD,(401) 907-4827 x253,3011 Shannon Lake,Lake Prince,Indiana,Lebanon,32416,53.1695,24.3505,unfit-violence.biz,Legacy Paradigm Engineer,721.00,154f3be7-9256-4272-98fb-043f0bd74b5c,669149035ec30c51145518e3
Hettie,King,Hettie-King,F4jiINwmqAx7aB_,(863) 602-4169,98722 Reva Station,Port Bo,Nevada,Algeria,76471,-45.7526,-173.4122,green-review.com,Future Integration Supervisor,557.00,144982b1-2272-478e-b0ca-b6e7cb15a6fb,669149035ec30c51145518e4
Blair,Beer,Blair-Beer,J4vvLU2U9puBtms,1-819-799-4797 x2823,10988 Mitchell Dale,St. Louis Park,Kentucky,Azerbaijan,60475-5375,16.672,-73.6305,trusty-way.com,Legacy Creative Facilitator,400.00,215a721c-c9a8-4c27-b824-723896926856,669149035ec30c51145518e5
Dandre,Cole,Dandre-Cole,e2JD7ZLnPtnWrzE,(721) 724-7803,728 Cecelia Green,San Tan Valley,Kansas,Turkmenistan,70269,-23.1149,62.5664,thick-science.net,Principal Configuration Manager,681.00,76a42c9a-1b66-4f6f-bdbf-01333d057bda,669149035ec30c51145518e6
Lenora,Jacobson,Lenora-Jacobson,4Ff0kKrwyxaPdaa,323.612.6699,6935 Hettinger Walks,New Jamesonworth,North Carolina,Bolivia,51854-7855,-66.3609,-77.0607,faint-originality.biz,District Functionality Coordinator,520.00,b5e870d2-19f5-4cc7-a925-ad45d797aa11,669149035ec30c51145518e7
Lonnie,Abbott,Lonnie-Abbott,6juLXcz_ou4BlaF,427-357-4758 x82718,498 Robel Parkways,Florissant,Nebraska,Central African Republic,18082-8630,-77.6343,83.5858,periodic-stepson.name,Internal Directives Executive,307.00,3c027bd6-7ebb-4a17-9421-11d14a062eaa,669149035ec30c51145518e8
Alessandra,Grimes,Alessandra-Grimes,JEt0IAM8vwTKlRY,(579) 250-0295 x0134,8573 Audrey Crossroad,Willborough,Montana,Chile,64022,25.8774,-20.9633,silly-host.name,Corporate Solutions Analyst,582.00,47e1cade-76db-4d0e-b347-d2546098dae7,669149035ec30c51145518e9
Justina,Stiedemann,Justina-Stiedemann,aPPCrvFbNQX3EWz,324.353.9860 x79347,8954 Fay Bridge,New Arleneborough,Minnesota,French Guiana,60505-6115,80.6406,75.8013,competent-porcupine.net,National Research Producer,457.00,7832cebc-7a08-4408-ace1-8579677c2b1f,669149035ec30c51145518ea
Emerald,Luettgen,Emerald-Luettgen,szfxlLYVCouLnz6,1-651-474-1836 x90394,1827 Santiago Pass,Wallaceview,Colorado,Estonia,97322,-41.0864,-171.7334,jam-packed-skyscraper.name,Dynamic Intranet Assistant,613.00,dd114868-b172-4b81-95dc-ee93479a39f6,669149035ec30c51145518eb
Amie,Metz,Amie-Metz,ul2kejfAJphpGD5,(231) 765-8575,123 Leffler Bridge,Sanfordboro,Oklahoma,Aland Islands,97891,-69.0484,-103.7095,mushy-spectrograph.biz,Forward Optimization Assistant,676.00,920b9878-f3f8-44f2-b3dc-4529018ab3e6,669149035ec30c51145518ec
Leanna,Muller,Leanna-Muller,IsRIsCJ7E0NNFtC,945-554-2773,625 Jayson Knoll,East Porterworth,Louisiana,Slovenia,52247,-19.535,-94.1271,well-made-gang.name,Lead Usability Assistant,982.00,f06e256d-b9ad-4866-b564-a5dc5e48122a,669149035ec30c51145518ed
Sabina,Botsford,Sabina-Botsford,gnlJKijbXNKkHRL,1-498-249-8351 x24260,5261 Corwin River,East Princess,Vermont,Yemen,12336-6174,61.241,-31.0365,flawed-foodstuffs.biz,Central Brand Coordinator,414.00,efac39e7-85f4-49f9-a14b-91268734cea3,669149035ec30c51145518ee
Beatrice,Barton,Beatrice-Barton,dm9G0_OBs3fKVKS,1-333-365-1181 x191,9563 Dibbert Estate,East Maryse,Oklahoma,Sierra Leone,60963-8559,65.7057,110.863,reliable-analgesia.net,Forward Security Manager,546.00,598c5594-1ae9-427a-a5ad-abb41c8a85ae,669149035ec30c51145518ef
Keira,Hoeger,Keira-Hoeger,DSF4PH_O9P9x5xJ,(637) 665-4884 x989,1799 Conn Knolls,Burdettestead,North Dakota,Kazakhstan,57438,57.8465,-128.3817,all-pitching.net,Senior Markets Agent,744.00,f5b058ea-a4be-4575-a2b2-7ecff4a3e08a,669149035ec30c51145518f0
Zoey,Nitzsche,Zoey-Nitzsche,SdeqWHWq1k3UZmq,981-519-5223 x5833,850 Nicolas Green,North Foster,Oregon,Estonia,16074-4144,-64.4726,-76.7413,extraneous-in-joke.net,Customer Implementation Architect,506.00,77262310-1dae-49fd-bda3-849dbf716dc0,669149035ec30c51145518f1
Keaton,Green,Keaton-Green,di3FzDfB_2Jxjym,638-361-1808,552 Stacey Street,Jadencester,Oklahoma,Kiribati,07942,5.4176,-84.0475,imaginative-accordance.biz,District Communications Engineer,754.00,92b93139-28d6-4661-a20b-cab5aa63d77c,669149035ec30c51145518f2
Kailyn,Williamson,Kailyn-Williamson,BPB_SkaQmlcLaax,1-982-412-3429 x3855,477 Marcus Port,Soniaboro,Hawaii,Isle of Man,62697-5894,23.5547,134.7036,few-chow.com,Dynamic Integration Architect,749.00,7921bf26-57aa-471f-9d4e-804fdf8f9b8b,669149035ec30c51145518f3
Edmond,Durgan,Edmond-Durgan,XUrODv0x_bHEGVs,863-462-1045 x6610,7670 Cleora Drives,Vicentaville,California,Costa Rica,29742-3949,-26.7097,-148.3062,pleasant-husband.name,Product Solutions Developer,826.00,1c10225e-cce4-40af-a69e-f5077e31e07b,669149035ec30c51145518f4
Lulu,Goyette,Lulu-Goyette,75q11K8RjDx7l2q,993.648.8818 x0478,192 Pfeffer Rest,Fort Estelleborough,New Jersey,Cape Verde,49275,-86.7686,8.3405,celebrated-excursion.biz,Chief Response Director,393.00,4dce2e6a-7a0e-4afe-84c0-562a270087d4,669149035ec30c51145518f5
Mavis,Bauch,Mavis-Bauch,xrof2igS9WofUQ8,(660) 822-8126 x7297,41966 Baumbach Springs,West Kianaview,Arizona,Saint Martin,11457-7328,-37.2853,41.221,entire-sculpture.biz,Central Directives Executive,940.00,401ac0b1-ac13-4060-9f01-4f42165ecbb9,669149035ec30c51145518f6
Damion,Bradtke,Damion-Bradtke,scftAtx8wZ9XMzu,(418) 574-2764,153 Stephania Parkways,White Plains,Nebraska,Togo,78950,-26.4126,126.1734,stiff-supreme.biz,Internal Paradigm Agent,9.00,da5db860-4885-48cf-9dd1-deae90f5b64d,669149035ec30c51145518f7
Xzavier,Morissette,Xzavier-Morissette,wPJq9M8jstj6Oh_,(848) 938-0556 x270,821 Thad Knoll,Lake Anselberg,Idaho,Paraguay,71593-5510,66.649,-49.3572,recent-viscose.com,Customer Mobility Agent,162.00,1250cde5-835f-4f8b-8991-c88b6b1d3726,669149035ec30c51145518f8
Angelita,Grimes,Angelita-Grimes,yRNh7bsX2xtp4Ht,704.917.0363 x919,7748 Koepp Square,New Jillian,South Carolina,Tunisia,10974,84.4171,-85.1277,scholarly-hamster.biz,International Directives Planner,880.00,2cf4d809-5666-4a2b-82cc-660861823b0c,669149035ec30c51145518f9
Waylon,Hauck,Waylon-Hauck,QNgATU6SPQTC3r0,1-786-248-1968 x754,160 Mariane Prairie,Elinorfort,Vermont,Saint Kitts and Nevis,29218-5483,-7.6259,136.6718,concerned-nightclub.org,Customer Tactics Liaison,441.00,d2f3be36-677e-4ffc-b8da-ec341eeac686,669149035ec30c51145518fa
Alysa,Murphy,Alysa-Murphy,F2vmiTBkDTQDLyF,1-536-941-9515,96537 Antoinette Ports,Lake Keaton,Hawaii,Saint Lucia,77422,-39.2859,170.096,amusing-scrambled.biz,Human Accounts Liaison,173.00,5d77285a-da22-4616-b363-cf8f01f1764c,669149035ec30c51145518fb
Marion,Feil,Marion-Feil,QMJr6bpdaDPfIme,381.625.2983,952 Malcolm Center,Port Carlee,Michigan,Guadeloupe,88731,82.2195,139.9634,incompatible-appetiser.biz,District Integration Specialist,15.00,efeb33ba-39b8-403b-ad7e-ea89d2472ca5,669149035ec30c51145518fc
Miracle,Schaden,Miracle-Schaden,LW6ZWRoH8loXoXW,1-527-874-3731 x413,59582 Emmerich Locks,New Lilly,Nebraska,Madagascar,25565,-2.2339,30.7873,humiliating-kebab.org,Lead Infrastructure Architect,973.00,a9421721-3600-432a-a036-23ed7e0a9e32,669149035ec30c51145518fd
Josh,Abbott,Josh-Abbott,dfjMWTsnjY8hThq,(324) 452-4560 x15923,49367 Corkery Plain,Patborough,California,Seychelles,75617,66.7335,-28.2885,insignificant-instance.net,Regional Paradigm Planner,524.00,e4874a03-6767-4413-ab0c-e4baf8b8a3fa,669149035ec30c51145518fe
Amber,Kiehn,Amber-Kiehn,AUTRyJ8h0R0jBjN,1-326-533-4879 x064,48776 Daryl Landing,Port Arthur,Pennsylvania,Finland,85487-5363,31.5192,-118.8211,wobbly-pumpkin.biz,Lead Tactics Representative,887.00,e8ebc64c-daf6-45a4-ac3f-6d466d649d1c,669149035ec30c51145518ff
Shannon,Feest,Shannon-Feest,oIHsF9tr4O4lM1V,(948) 864-6561 x92260,3919 Schoen Crossroad,Jazmynville,Delaware,Comoros,66000-1266,13.5344,152.8431,agonizing-wedge.org,Future Data Analyst,151.00,ee1fd64a-1b5f-4168-a31b-c81decf8a1d7,669149035ec30c5114551900
Erich,Homenick,Erich-Homenick,7CP9uk7cIec14_F,778.994.4006 x2739,452 Bednar Path,Tarynmouth,California,Gibraltar,07233,-29.1303,145.3815,altruistic-edge.name,Central Integration Coordinator,29.00,a4d25ecc-3306-48af-b702-ff78ad16a356,669149035ec30c5114551901
Abe,Lueilwitz,Abe-Lueilwitz,7brpoGSkcHvEFAH,972.378.2923 x403,5098 Preston Trail,Willfield,New Mexico,Angola,22271,7.132,34.7881,quintessential-mama.net,Product Data Associate,526.00,9a888ace-0e25-4fc6-9461-60338bca17e0,669149035ec30c5114551902
Boris,Hettinger,Boris-Hettinger,K0B79dOSyFoVnfA,445.269.2789,801 Windler Pass,North Justice,Florida,Peru,46356-2005,-25.118,-12.7112,repulsive-crown.name,Customer Group Planner,163.00,a4c6d43d-094f-4ef1-b043-e88dddf5fd40,669149035ec30c5114551903
Zella,Watsica,Zella-Watsica,P0iRQM9l__IgvV4,1-388-742-2437 x98226,92189 Flatley Lakes,West Dejaborough,Maine,Svalbard & Jan Mayen Islands,64628-2047,27.6123,-18.3718,beneficial-arena.info,Forward Accounts Director,946.00,8d9c58e2-78e8-47e9-b5cb-a8cf0bf0d5fa,669149035ec30c5114551904
Faye,Kozey,Faye-Kozey,E9rdd3YpMUptyFh,1-763-873-0581,55954 Sigrid Lights,Brianstead,Utah,Israel,88622-8729,-78.675,164.5007,glorious-broadcast.net,Global Response Orchestrator,564.00,0e30101c-3542-4770-86b0-67c27991de3e,669149035ec30c5114551905
Elisa,Braun,Elisa-Braun,gDTMip9TXH1026S,1-804-662-4273 x34407,27873 Jude Islands,Lake Devin,Virginia,Belize,60636-6408,39.658,-99.6706,insignificant-break.info,Principal Functionality Executive,259.00,aeba1f89-a2d4-4710-b276-4aef4cd362c2,669149035ec30c5114551906
Roxane,Quitzon,Roxane-Quitzon,w9NCq4Pwo5AHIve,965-893-7126 x410,11248 Rusty Plaza,Altoona,Texas,Syrian Arab Republic,79641-4457,-82.0335,169.0168,valuable-holder.com,Principal Markets Orchestrator,408.00,0e9973b4-31be-44b0-8204-352e6c6033ad,669149035ec30c5114551907
Hugh,Schultz,Hugh-Schultz,HC0RTU6ILqkZnoV,1-624-842-7710,884 Fahey Lock,New Heidi,Maine,Tajikistan,09348-3167,21.5547,-165.1251,triangular-earrings.com,Dynamic Metrics Strategist,730.00,0b9b53a3-fdd8-4b9f-9fec-b9003c6c4311,669149035ec30c5114551908
Beau,Gislason,Beau-Gislason,ki9xmEcfvl7Tw7a,478.573.4811 x120,94737 Maryse Passage,Zariafort,Oklahoma,Zimbabwe,48454-1361,10.1676,111.8627,skinny-jury.biz,Investor Directives Strategist,592.00,bda27a5d-b714-4565-a057-46b1d8323f0f,669149035ec30c5114551909
Carmine,Marvin,Carmine-Marvin,DcmlXvAiSpaCMq4,(839) 718-3871 x3725,1923 Schuyler Unions,Kertzmannton,South Dakota,Mongolia,40452-2871,-33.9858,129.7582,doting-roundabout.biz,Chief Data Engineer,922.00,65235bfc-0a2e-4001-86a6-94b3b13f1cdb,669149035ec30c511455190a
Brisa,VonRueden,Brisa-VonRueden,AgxiPYhfNQ4xwyO,861-863-6268 x59702,132 Senger Ferry,Lindaland,Utah,Lithuania,54268-2589,-62.8561,178.8283,second-hand-jungle.info,Product Factors Specialist,468.00,0cbc5b37-8ff1-4d65-91a2-2b4cc13009ad,669149035ec30c511455190b
Brenden,Davis,Brenden-Davis,TUpT4R3U7P4J6hF,498.697.7458 x15308,10275 Leonor Stravenue,Santosview,Ohio,Russian Federation,76998,-33.3138,-55.9784,orderly-aside.biz,Human Markets Manager,690.00,5e0a5d24-b788-4eb0-8dba-3a476dc8f8fc,669149035ec30c511455190c
Darron,Franecki,Darron-Franecki,Dn52QdPo2ufQUd2,435-403-6992,18382 Wunsch Stream,West Noemy,Alabama,Mali,50743,53.2054,105.0829,married-obstacle.info,Forward Paradigm Architect,485.00,0bc0413b-62cd-4c77-b99d-4539173b59e5,669149035ec30c511455190d
Henriette,Von,Henriette-Von,0n5dXR2W7gNgeW0,793.744.8252 x377,600 Davis Forges,East Otto,Washington,Belgium,76916-2388,83.8656,79.6061,burly-zero.org,Internal Research Director,627.00,9d8323f3-feea-4e61-9cb4-1ba46b3fb569,669149035ec30c511455190e
Giovanny,Hirthe,Giovanny-Hirthe,u0WNhQMuWcqWrqv,(781) 641-8919,699 Verna Drive,Blancabury,West Virginia,American Samoa,86357,-51.7329,-177.3869,ragged-innocent.info,Regional Creative Designer,209.00,ec94f3cf-41fc-4f74-9e9b-96f81ab67534,669149035ec30c511455190f
Rocio,Graham,Rocio-Graham,XI6uYMsgLIQ1SoX,371-442-2568 x5392,346 Huel Parks,Connellycester,Arizona,Mali,86414,-72.8822,-113.8624,untidy-land.com,Future Group Producer,702.00,783a4bd2-c34e-4b1b-8d48-f5fce82ad14f,669149035ec30c5114551910
Evangeline,Leannon,Evangeline-Leannon,J4OKRnCKVvl9zZL,745-528-1100 x157,8522 Huels Bypass,Blandafort,Georgia,Serbia,87000,-83.7357,-108.1024,flamboyant-massage.name,Principal Usability Technician,626.00,24c5f153-9b22-42a9-87ae-2818b06a031d,669149035ec30c5114551911
Beulah,Feest,Beulah-Feest,NIFLsQrkoqEoUiO,(864) 931-3252,4089 Sincere Parks,Redlands,Tennessee,Mozambique,86399,11.5088,33.8047,klutzy-liquor.name,Corporate Directives Technician,9.00,108bd51e-fc45-42dc-9496-3a04eb4d95ba,669149035ec30c5114551912
Elody,Turcotte,Elody-Turcotte,Gygnw313NviGPNm,(460) 457-0861 x0629,309 Schneider Stream,West Regan,Washington,Sao Tome and Principe,12423,87.9622,1.5529,turbulent-jicama.biz,Dynamic Web Associate,845.00,392bbdd6-baeb-4c1a-8c4c-9a9673670b56,669149035ec30c5114551913
Pansy,Daugherty,Pansy-Daugherty,mj550pQ4v1cYtPH,1-609-652-4255 x51063,3276 O'Conner Mills,Vickychester,North Carolina,Barbados,80011,-13.5276,48.4301,ringed-desire.org,Corporate Assurance Coordinator,845.00,1ea8f2aa-6e26-438a-9ffa-abfc708319eb,669149035ec30c5114551914
Elsie,Rutherford,Elsie-Rutherford,qaWRfxSuu97EeXq,382.735.0688 x743,49490 Zoila Viaduct,Lolaberg,Oregon,Belarus,30885,-68.0517,128.3438,dependable-regret.info,Investor Usability Manager,818.00,e4748665-39f9-441e-bc4c-ff592534fbd6,669149035ec30c5114551915
Annie,Langosh,Annie-Langosh,swKUqcS4vr01ti3,(991) 269-2631 x62539,4286 Dock Corners,Richland,North Carolina,Singapore,40776,18.1117,-21.8227,fresh-medication.net,Global Tactics Consultant,684.00,2b6741e0-d6e7-428f-a179-37a4f1c2f662,669149035ec30c5114551916
Domenic,Hartmann,Domenic-Hartmann,LX51ktfHhD_U8ry,501.665.0603 x42667,637 Cartwright Centers,Port Kayliworth,Arizona,Tuvalu,97548-7602,-20.061,-88.5046,coordinated-hamburger.org,Global Branding Representative,871.00,6587308b-575a-4128-9a5c-7480b830edb9,669149035ec30c5114551917
Telly,Parker,Telly-Parker,_8hCBV6W8tJzmmo,390-704-2866,513 Nakia Cliffs,Santa Cruz,Vermont,France,27375-5283,35.5139,130.5675,pushy-seed.biz,Direct Paradigm Liaison,843.00,ee9d74ef-bb5f-4818-a13b-75847319884a,669149035ec30c5114551918
Randal,Ebert,Randal-Ebert,aWr6OLycl3ipgtU,1-646-388-7057 x0725,3156 Mayert Burg,East Lelandburgh,Georgia,Ethiopia,24910,-36.173,72.1407,immediate-cranky.name,District Data Agent,698.00,e8fdcd4d-d94e-4a9a-9514-7a7345057799,669149035ec30c5114551919
Skylar,Ziemann,Skylar-Ziemann,Ut8wicWJFl6mHKh,1-680-682-8733,61288 Jacobs Underpass,Lake Christa,Maryland,Wallis and Futuna,12137-8905,-0.8276,173.817,apt-advent.net,National Communications Agent,257.00,e5326719-9414-4e6b-8a64-5a12fa677a57,669149035ec30c511455191a
Mable,Schultz,Mable-Schultz,jOb83rrwKr47PZP,930-547-4533 x08539,495 Schiller Mills,North Harleyboro,Michigan,Indonesia,10227,74.7961,-159.8718,sardonic-autoimmunity.biz,Human Markets Specialist,3.00,5b84d63c-1b0b-4221-8837-0372a1db371a,669149035ec30c511455191b
Hershel,Gulgowski-Lehner,Hershel-Gulgowski-Lehner,eeD9dUck6KlXH68,744.441.0673 x395,179 Maggie Via,West Faye,Louisiana,Switzerland,57860-5791,-23.6225,84.3902,favorable-placebo.net,Global Communications Agent,283.00,52e8650e-6302-4b3e-a787-d0364f3d13d1,669149035ec30c511455191c
Frederique,Schulist,Frederique-Schulist,EMibn4_XpKk_9li,862.739.5895 x7653,462 Kenyatta Via,Lednerworth,Idaho,Comoros,61476,66.4085,-21.8832,faithful-middleman.com,Product Usability Administrator,169.00,54beaeef-4ca2-4191-b459-1397bb99c869,669149035ec30c511455191d
Sierra,Luettgen,Sierra-Luettgen,sA3cIB5vAAYuk7X,908.773.7936 x382,13844 Winnifred Harbors,Tyler,South Carolina,Venezuela,53492,-23.2683,-139.2244,neglected-gateway.info,Legacy Functionality Liaison,360.00,7844bf3d-e6a9-40ae-95d1-f8ba4eb995aa,669149035ec30c511455191e
Jordyn,Hackett,Jordyn-Hackett,2cQGbi1gKBniM7i,(203) 527-0100 x17701,7242 Davis Locks,Oak Lawn,Arizona,Israel,94475-5569,-41.3806,-95.6486,frequent-weekender.name,Direct Division Manager,818.00,320c6b25-d7bd-40e7-9cb0-4822c57d55a1,669149035ec30c511455191f
Clay,Langosh,Clay-Langosh,17nyhBKZBIK8fEi,1-854-283-9383,700 Haag Land,Thelmaville,Idaho,South Georgia and the South Sandwich Islands,61668,-73.5187,-56.8451,mountainous-maker.biz,Senior Intranet Analyst,677.00,11e30c81-bd96-4f96-aa50-5c3758e67fad,669149035ec30c5114551920
Keegan,Kuhn,Keegan-Kuhn,zfnF4FMliUYp_EB,(502) 368-2162 x15561,4469 Marquardt Turnpike,Syracuse,Maine,Panama,33436-1870,81.446,-90.2162,bright-disaster.org,Regional Optimization Associate,675.00,b1b65c96-42d5-4e5b-b0d0-9087d22bfb46,669149035ec30c5114551921
Felipe,Wyman,Felipe-Wyman,bt0JUWhj0cGDUhU,548.271.8998 x3984,7216 Aaliyah Villages,Dallas,New York,Malta,42772,0.2813,170.1639,growling-kitty.org,Legacy Applications Designer,935.00,b9720722-5cbc-43bc-b901-f8d59a133696,669149035ec30c5114551922
Liliane,Mante,Liliane-Mante,musFM2BIlTuIe1d,(364) 972-5131 x504,8392 Maiya Springs,Pomona,South Dakota,Bahrain,07374,48.2617,4.8911,live-subset.org,National Identity Designer,997.00,c9336c09-78db-4091-bca4-a877a1bcb121,669149035ec30c5114551923
Grayson,Swaniawski,Grayson-Swaniawski,Y0Oskp7Pqgd32wB,1-750-951-5076 x492,25680 Shayne Ranch,Martyhaven,Utah,Congo,46635,-23.5432,-58.9031,grumpy-thanks.net,Regional Implementation Director,488.00,c21e8751-d76a-4ff9-a7ce-3040f8bf6c4b,669149035ec30c5114551924
Novella,McGlynn,Novella-McGlynn,Rfx1U_31WZYSXSv,868.328.2211 x882,91969 Feeney Underpass,Lake Abigayleboro,North Carolina,Trinidad and Tobago,03879,86.3013,149.4649,junior-robe.biz,Senior Security Producer,507.00,62df25e9-44b9-42c6-b287-5d8998754cc9,669149035ec30c5114551925
Amari,Mraz,Amari-Mraz,7q8dGcZveYgNBfL,985.273.2978 x719,6671 Sporer Lake,West Emilianofort,Arizona,Lebanon,54428-9131,-75.9374,-167.5991,failing-coil.net,Chief Optimization Planner,715.00,d6e2540a-cbaf-4835-bc88-377c8fc68f3d,669149035ec30c5114551926
Kobe,Hills,Kobe-Hills,ipuUAwOoc73754u,(281) 268-5929 x9714,82706 Jasper Estate,Port Jane,New York,North Macedonia,87142-7256,6.8922,147.5711,dishonest-grouse.biz,Human Factors Analyst,52.00,ded4a0a7-b7bf-4ea4-9d9f-4b2ddf2f5606,669149035ec30c5114551927
Abigayle,Watsica,Abigayle-Watsica,qlGzEUe8yfiGMQ2,592-469-3257 x32615,6827 Loren Extension,North Arichaven,Oklahoma,Nauru,89930,10.1732,-18.5965,drafty-rhyme.com,Future Program Executive,517.00,380ef8f6-c84f-48f9-a919-7064ee0281fe,669149035ec30c5114551928
Miller,Walsh,Miller-Walsh,r_NGb8287W8VU5v,221.509.0184 x6639,224 Owen Gateway,Koeppport,North Carolina,South Africa,42881-5058,52.3158,88.068,far-flung-maybe.net,Dynamic Identity Assistant,553.00,381fbda9-6257-4d6f-b375-c8816927ce2c,669149035ec30c5114551929
Lester,VonRueden,Lester-VonRueden,J0TRIxrW__JSEVI,733.817.2018,253 Marvin Crossing,Lake Talia,Oregon,Democratic Republic of the Congo,49989-4485,-65.4928,-57.734,lumpy-explorer.net,Direct Infrastructure Analyst,857.00,59588ca2-504a-4d06-8806-eef0e3a515dc,669149035ec30c511455192a
Tevin,Wunsch,Tevin-Wunsch,kHzYRKyJuic92KP,(451) 204-3174,837 Smith Drives,Libbyburgh,Maine,Mayotte,00062,-36.3207,-67.9032,dead-manatee.org,Principal Mobility Architect,828.00,c4b2b862-7307-406d-ab56-ab519c13523b,669149035ec30c511455192b
Titus,Nolan,Titus-Nolan,3qWGedpdUOntANL,1-600-753-0790,31618 Cummings Land,Shaynachester,Connecticut,Poland,61010,51.804,-55.1551,frilly-fort.net,District Brand Associate,29.00,48dff86c-2429-4fb3-a8c9-c6b24d245e98,669149035ec30c511455192c
Sanford,Dibbert,Sanford-Dibbert,IzJMsuOgITYa2zg,676-685-5649 x84650,32367 Hagenes Villages,East Blakebury,Arizona,Mayotte,38885,72.8652,97.2121,ajar-sphynx.com,Corporate Configuration Planner,417.00,1b849192-3fb8-4153-8a32-c8935d8071a4,669149035ec30c511455192d
Mia,Kutch,Mia-Kutch,p7YMSTM8UhBl3O1,1-419-552-3183 x073,7846 Cole Track,West Sophia,Minnesota,Maldives,22063,27.1783,-122.2205,both-federation.info,Chief Intranet Planner,884.00,1361b705-85a2-4145-bca0-2c9419edc7ba,669149035ec30c511455192e
Ferne,Price,Ferne-Price,U2zLDGVeISPrbfT,1-646-717-4450 x138,8192 Hilma Locks,Lake Floy,Indiana,Nepal,53922,-45.9172,-119.6907,joint-gland.info,Chief Usability Analyst,869.00,ce2168bf-1705-4d1f-82a8-89e1e20bc832,669149035ec30c511455192f
Eliseo,Mayer,Eliseo-Mayer,o0UEB6_tAitMz5s,847.821.0602 x0810,95980 Crooks Greens,Macon-Bibb County,Massachusetts,South Georgia and the South Sandwich Islands,61666,-41.0961,-81.755,embellished-quiche.info,Forward Brand Consultant,939.00,a58c7e7c-a2f3-4a88-8d77-fa4204cdca74,669149035ec30c5114551930
Jamal,Gislason,Jamal-Gislason,uIeBUDfC0KZEx2D,441.527.9069 x20460,8254 Gerda Inlet,Raleigh,Michigan,Niue,55582,-37.5517,13.539,monthly-colt.biz,Regional Communications Consultant,856.00,a3a99ccb-25ab-45c0-9390-35c18c1a4503,669149035ec30c5114551931
Cindy,Gerhold,Cindy-Gerhold,iP9hxFog9ccPnsx,908-960-3517,37228 Nicolas Trail,Hagenesport,Arkansas,Palau,51145-4488,-37.0628,14.5131,complex-dragon.com,Forward Paradigm Assistant,205.00,a8eff868-2b92-4900-8def-e4f1ec6e578d,669149035ec30c5114551932
Catharine,Jenkins,Catharine-Jenkins,5k5x3swtJQt72WE,(770) 757-0729 x9961,442 Name Shoal,Melvinville,Minnesota,Taiwan,25377-6607,-3.7569,-23.3032,puzzling-kiss.name,Central Assurance Assistant,406.00,691c18e1-f574-49e7-b757-571fe1abda9e,669149035ec30c5114551933
Noemi,Blick,Noemi-Blick,1H1eeqd0ej2CouC,861-614-5238 x56155,141 Reichert Crossing,Sengerchester,Nebraska,Finland,92617,-25.3074,-159.2702,meaty-justification.org,Regional Usability Assistant,476.00,90d06300-baef-4ff6-9443-e9e2ae456bad,669149035ec30c5114551934
Ellis,Mante,Ellis-Mante,OZgE9r46zP_CtR6,391.693.1947,69969 Francisco Walk,East Judehaven,Wisconsin,Puerto Rico,07025,-52.3095,31.1755,creative-cell.name,Forward Integration Facilitator,690.00,4c906b7f-ea59-4679-860a-3d737168d54c,669149035ec30c5114551935
Isadore,Lesch,Isadore-Lesch,J1zMzedITqibNRa,(813) 988-0953 x3915,63324 Hilma Haven,Thadside,Massachusetts,Curacao,44589,81.98,-136.8227,grubby-thaw.com,Future Accounts Developer,29.00,6c7fe674-f1e6-475b-984d-a13763d0cacd,669149035ec30c5114551936
Irma,Kirlin,Irma-Kirlin,uKMAqETguKgMzla,1-728-304-0184 x4922,2347 Alana Motorway,Richmond,Hawaii,Kenya,13963-4912,60.1144,-69.8378,lone-mallet.name,Corporate Applications Developer,701.00,4441ef50-703a-4397-8761-685ecb98485d,669149035ec30c5114551937
Peggie,Miller,Peggie-Miller,UcLah3OhgQl7GaP,1-509-743-0208 x1720,30935 Greenfelder Passage,South Domenick,New Jersey,Tonga,51357,56.0985,-142.1529,imperturbable-stake.com,Central Implementation Coordinator,750.00,89d7eb1a-d619-4ff1-a1c7-526781da0884,669149035ec30c5114551938
Ismael,Cronin-Lockman,Ismael-Cronin-Lockman,nYTEbvJzIlSQlOJ,1-959-719-5183 x042,52200 Letha Oval,West Anseltown,New Hampshire,Monaco,18633-4453,-86.7325,-53.153,young-image.name,National Branding Executive,981.00,e8d14895-c9c7-43b9-b860-a83a599e4dfc,669149035ec30c5114551939
Chadd,Tromp,Chadd-Tromp,979X43QkVn3TZEg,542-344-5384,6042 Christy Port,Costa Mesa,Tennessee,Monaco,98443,39.5771,59.1246,heavy-confectionery.name,Principal Solutions Liaison,523.00,c7e6618c-79a0-4e25-8cba-af7ab3e7b230,669149035ec30c511455193a
Sierra,Will-Senger,Sierra-Will-Senger,lDIBsje3buTKWrs,1-549-345-4511 x815,6099 Carolyn Highway,La Crosse,Indiana,Azerbaijan,42528-1561,-42.8896,27.6388,coordinated-wetsuit.name,Principal Response Manager,850.00,823307a9-37a7-455c-86ac-8193d60bc912,669149035ec30c511455193b
Marianna,Lind-Gusikowski,Marianna-Lind-Gusikowski,E49INYrWo9i735q,501-376-7964 x3109,36977 Block Rue,Fort Liana,Oregon,Liberia,65807-0912,36.2801,169.1057,juvenile-midden.biz,Global Usability Supervisor,329.00,935540e6-2d93-43b6-986a-274bfd7056dc,669149035ec30c511455193c
Thad,Spinka,Thad-Spinka,Oo3rXQCfh67wKe4,559.725.8564 x8156,866 Schaden Motorway,Sioux Falls,Kentucky,Democratic Republic of the Congo,27741,42.0469,22.832,puny-mentor.org,Internal Creative Consultant,769.00,3dfc63ba-a88b-430e-b32b-c28a573ce348,669149035ec30c511455193d
Wilfredo,Mayer,Wilfredo-Mayer,ZeslojBdx4VZdv3,1-348-769-7105 x514,6327 Andreanne Extension,Calebton,Washington,Panama,28555,-83.9123,-69.544,exciting-furnace.biz,Future Functionality Planner,930.00,1371259f-e364-46d0-8758-a8895c3b4149,669149035ec30c511455193e
Kimberly,Kling,Kimberly-Kling,9o74L5XwQcJGtvl,358.909.3183 x56344,6124 Harber Route,Highland,Florida,Czechia,56011,80.0983,-145.6911,unwritten-jot.name,Lead Tactics Assistant,329.00,23a9d0fd-98be-463b-ad38-74c8c2b540e7,669149035ec30c511455193f
Clare,Bechtelar,Clare-Bechtelar,8Wrt_rWPFeqvNrb,922.631.4803 x84682,31102 Loyal Loop,Kovacekfurt,Colorado,Kazakhstan,31811,-86.4229,-13.7391,best-artist.net,Central Communications Producer,286.00,b0a3820c-37eb-4d84-8eed-cb291b3abaf6,669149035ec30c5114551940
Annamae,Flatley,Annamae-Flatley,snvBu3XkSO1S8_N,862.605.8624 x6835,2194 Reynolds View,East Jessmouth,Indiana,Jordan,94237,-34.2717,-102.0288,costly-slate.name,Human Optimization Liaison,597.00,d48efd30-724f-42b9-8463-82a315ac3e21,669149035ec30c5114551941
Nestor,Gislason,Nestor-Gislason,aNXFh1RfW4xjuW3,1-857-982-1123 x439,392 Kim Cliffs,St. Louis,Maine,Turks and Caicos Islands,30222-4050,19.7762,52.915,dangerous-lycra.biz,Forward Operations Architect,339.00,e6f9a791-40c6-4b52-9079-7fc86adea439,669149035ec30c5114551942
Krystel,Littel,Krystel-Littel,YESOB3K0axe_a76,(314) 257-2293,7998 Haskell Lights,East Jedediah,New Jersey,United Arab Emirates,56979,-13.4257,-127.5183,sugary-hypothermia.com,National Implementation Agent,717.00,c4ac402f-fd2b-4f50-bcc7-1de0b5fc7f6d,669149035ec30c5114551943
Dane,Lowe,Dane-Lowe,a_ACHO3BavMngGp,673-898-0116 x10334,82489 Tillman Hollow,Kiehnfort,Michigan,Kuwait,25608,44.6984,104.9495,ugly-analgesia.com,Direct Factors Supervisor,455.00,a1eb23d3-d33e-4166-8d0f-9613c9ce61b2,669149035ec30c5114551944
Kurtis,Ruecker,Kurtis-Ruecker,rTJio5NCkW9e_B_,262-204-1477 x6332,945 Sandrine Park,Hillsland,North Carolina,Liechtenstein,40033-1338,-74.5568,61.562,quizzical-obligation.biz,District Paradigm Architect,596.00,f5878d44-b57b-4307-b1a9-de6aa82fec49,669149035ec30c5114551945
Casimer,Von,Casimer-Von,Nlvgf3_LBDE_DzV,(539) 557-0052 x94788,770 Strosin Groves,Elliottberg,Virginia,Bolivia,70515-9206,18.5606,-11.1864,every-attic.name,Chief Integration Associate,363.00,c8327a83-072c-40b2-a0d7-444922c17b5a,669149035ec30c5114551946
Reginald,Adams-Mayer,Reginald-Adams-Mayer,dhJUTgcXGEhzngy,953.801.1625 x270,971 Pouros Pine,East Mossiecester,Wisconsin,Nepal,74366,4.284,-61.1602,all-medal.org,Regional Data Liaison,331.00,8161fe9e-3f46-405a-a6fc-fbdb94b965be,669149035ec30c5114551947
Orie,West,Orie-West,LOTyhOdCYqEGUMS,678.543.5954 x994,35505 Quigley Circle,Beaumont,Arizona,Costa Rica,62732-9964,59.1781,153.1791,mellow-exile.biz,Human Markets Facilitator,295.00,b5c97fba-3214-412b-bfbc-0cc3929bca95,669149035ec30c5114551948
Felicita,Rodriguez,Felicita-Rodriguez,9VFu0NYcnnt7G5G,(653) 344-4064 x3106,42777 Cole Estate,Wilfordberg,North Dakota,Dominica,47473,79.5039,-69.9061,profitable-remark.info,Global Response Orchestrator,602.00,4c9da520-c986-4b0c-902d-a2e74a535dd2,669149035ec30c5114551949
Darryl,Deckow,Darryl-Deckow,JY_QVmBSBTd76Yn,(705) 809-9736 x04269,740 Candelario Glens,Buffalo Grove,Florida,Slovakia,63235,-87.5397,-79.7758,extra-small-beach.name,Lead Web Planner,967.00,2150d031-8228-49ec-8a47-219abff3abec,669149035ec30c511455194a
Ellis,Spinka,Ellis-Spinka,lE7ye1D0E6iNDmv,1-901-623-9033 x7339,30074 Lemke Walk,South Elveraton,Oklahoma,Gabon,28734-6144,-75.9098,-172.9013,skeletal-divider.net,Internal Metrics Manager,401.00,75624c47-8c0c-45ec-a299-5921ba304fbe,669149035ec30c511455194b
Susana,Rempel,Susana-Rempel,q7cnP6YxMMGtufT,739.691.4307 x84184,92398 Evelyn Knolls,Fort Jeramietown,Rhode Island,Norway,97203-9392,44.2486,-176.9086,dirty-perpendicular.net,Central Intranet Administrator,513.00,9687c329-dea8-40d3-8e17-f02eec566752,669149035ec30c511455194c
Zechariah,Kling,Zechariah-Kling,kO2Q_1ChPhX1kin,(641) 915-8877 x59995,6278 Zachariah Plains,West Vella,Rhode Island,Germany,98890-4267,-29.5434,150.9953,extroverted-tugboat.biz,International Communications Manager,486.00,8ece49bd-0ddc-4687-901f-68bd315305c8,669149035ec30c511455194d
Noemie,Smitham,Noemie-Smitham,4QF8z1oP0_a6FYS,(880) 982-3832,6857 Satterfield Cliff,Funkville,Tennessee,Venezuela,14117,43.9546,53.9859,simplistic-van.org,Senior Infrastructure Officer,644.00,20eef96e-7f29-4dac-9ca0-908b3dc2d04a,669149035ec30c511455194e
Jarred,Halvorson,Jarred-Halvorson,YJLhGMGFww15wiW,1-827-411-0379,7687 Ansley Neck,Florissant,Utah,Uzbekistan,92480,52.0526,-4.4248,double-eyeball.info,Investor Identity Specialist,501.00,cfd97f23-ac7e-4a2c-ac09-5413fcef128d,669149035ec30c511455194f
Delbert,Ebert,Delbert-Ebert,ODukqh87sJyyVEP,(613) 624-4004 x807,661 Douglas Expressway,Madera,Arizona,Iraq,40974,40.0147,0.9325,usable-figure.name,Corporate Infrastructure Technician,609.00,b3ad6c98-3cde-4493-97c6-c73071178b9a,669149035ec30c5114551950
Alberta,Buckridge,Alberta-Buckridge,mkANRu_LgOV_MiB,(576) 788-3137,373 Torphy Club,Jordanfort,Florida,Egypt,98236-0941,-72.4073,-13.367,leading-protest.org,Central Intranet Technician,58.00,8a182eba-3bf0-41b0-bb2c-32f9043bcfab,669149035ec30c5114551951
Selina,Kunze,Selina-Kunze,Cdn9tChoCTn7C2N,1-331-904-1569 x0365,96855 Walker Plaza,Destanyshire,Pennsylvania,Libyan Arab Jamahiriya,28962-5143,5.6428,-176.2909,thorny-incense.info,Investor Branding Developer,150.00,8c119cc5-c060-41c5-be35-ce872e64f8dc,669149035ec30c5114551952
Craig,Daniel,Craig-Daniel,7NeJFCR6y4DKQp8,869.823.1209 x90885,9307 Haley Lane,Port Kobeshire,South Dakota,Saint Vincent and the Grenadines,36193,31.6349,-158.3361,virtuous-diving.net,Chief Assurance Analyst,249.00,4d36a3eb-0ef7-43ca-9001-ab4f7ad76bbe,669149035ec30c5114551953
Narciso,Hammes,Narciso-Hammes,QmeIknzsYT5StA3,610.747.7781,8974 Botsford Skyway,West Nyah,Texas,Nigeria,15297,36.9801,83.1538,flowery-hyphenation.com,Dynamic Web Supervisor,823.00,5441d5d3-7684-4582-8ac4-808ac10f1d6d,669149035ec30c5114551954
Giovanna,Rempel,Giovanna-Rempel,8JaWwzyeEifXmp0,438-995-6127 x4416,81896 Kohler Shores,Jailynside,Arizona,Portugal,94469,66.3041,38.1277,super-anise.com,Human Creative Facilitator,128.00,a65c1322-40a2-4880-a1dc-6289037e81c0,669149035ec30c5114551955
Sibyl,Walsh,Sibyl-Walsh,WJEI9D83P93YlBe,532.722.1194 x3733,251 Halvorson Ranch,Port Larry,Wyoming,Samoa,95269,-40.6902,62.2305,ugly-meal.name,Lead Response Manager,966.00,b40cd6ea-eca6-44bf-82a8-a58ae917ef20,669149035ec30c5114551956
Verna,Nienow,Verna-Nienow,y3XIX6KwpBXyEhE,1-464-308-4364 x740,93283 Lockman Point,Fort Dallinview,Kentucky,Malta,03528,37.8726,44.6927,fixed-granddaughter.org,Forward Metrics Facilitator,753.00,3b46127d-7cab-4485-9121-0205e3aac293,669149035ec30c5114551957
Florencio,Block,Florencio-Block,BW66rU906Qs4NyP,451-564-0996 x26402,2312 Nolan Manor,Emmyton,Texas,Kenya,83695-9358,51.7808,77.2007,hard-to-find-texture.net,Dynamic Response Analyst,393.00,1d5c52ae-e498-4d5b-bbcf-912bf74802c0,669149035ec30c5114551958
Alaina,Turcotte,Alaina-Turcotte,eyVgJodyfbdYg6j,781.480.6911 x5804,141 Kody Canyon,West Rosa,Idaho,Canada,89398,-68.8032,44.7403,ambitious-geography.info,Product Metrics Strategist,303.00,7ec2b623-7586-4f85-996c-c7daa3edd161,669149035ec30c5114551959
Patricia,Prohaska,Patricia-Prohaska,vHU595jfuEnP_7h,505-278-0886 x94334,566 Kerluke Junctions,Rochester,South Dakota,Russian Federation,74751,50.7315,68.2353,absolute-inclusion.net,Regional Division Assistant,747.00,a4a42744-55b4-489f-ba23-8465633ca8cb,669149035ec30c511455195a
Bruce,Kertzmann,Bruce-Kertzmann,jnZfJZTOtodY0W0,1-332-847-7881 x969,4988 Makenna Inlet,Walkerhaven,Minnesota,Cayman Islands,85509-5925,73.0765,170.0024,live-acetate.name,International Markets Consultant,22.00,f3a87531-66db-40d1-8f64-566ac87ccaec,669149035ec30c511455195b
Austin,Wyman,Austin-Wyman,kI_7I2l0Bd9rlaT,348.615.7474 x623,5498 Roob Pike,Kossworth,Kansas,Gabon,53318,27.6442,162.0374,feminine-film.info,Dynamic Paradigm Director,657.00,11cd644a-6378-4b04-b124-af026f775aa0,669149035ec30c511455195c
Billie,Krajcik,Billie-Krajcik,f9SheDJL5T48ryt,1-563-801-5006,228 Candice Wells,Nelsoncester,Indiana,Vietnam,65853,40.0185,59.1033,minty-building.info,Product Program Coordinator,411.00,f118952a-870b-4887-b11a-b44feb0e9e03,669149035ec30c511455195d
Sincere,Gleason,Sincere-Gleason,_UZeJeK1PXu4tkr,863.656.0184 x45832,26830 Cummings Lodge,West Derrickborough,Wisconsin,Rwanda,21270-8256,-27.9746,-30.9621,weary-feeding.com,Corporate Directives Architect,144.00,4c2dcbee-59f9-4205-bb4b-e7eaa2c5551d,669149035ec30c511455195e
Jocelyn,Bahringer,Jocelyn-Bahringer,OgobdbTjFV9TfaQ,1-626-712-9110,9402 Kristy Knolls,Port Polly,North Dakota,Aruba,33636-3665,72.6232,44.363,valid-watchmaker.com,Regional Markets Agent,107.00,da8d01f3-7849-4c9b-a292-47eff466f9bb,669149035ec30c511455195f
Luella,Rohan,Luella-Rohan,6KCPBU_LaOdrPo5,1-747-229-3448 x55746,91931 Hilpert Mountains,Georgiannaworth,Massachusetts,Solomon Islands,72854-9300,-41.617,59.1033,monumental-fertilizer.com,Direct Response Specialist,877.00,13070025-b291-45a7-b12b-b9a5e4a22f76,669149035ec30c5114551960
Vern,Moore,Vern-Moore,WcUgT2LG2PQabV1,1-674-796-1232 x0492,674 Caleb Track,Fredrickshire,Washington,Martinique,65009-7401,-1.5699,30.7587,faint-dragonfly.name,Investor Quality Analyst,623.00,73485d36-a66d-421a-a3f0-07275e2383f1,669149035ec30c5114551961
Frederick,Koss,Frederick-Koss,6n2U7UbCiqACcMl,(725) 900-4075 x00721,84947 Carroll Cliff,Runolfssonton,Arizona,Tajikistan,70943,84.107,152.9343,broken-poster.net,Legacy Data Producer,636.00,45e261d8-7de8-4152-b9d5-019b4f01f9d5,669149035ec30c5114551962
Willard,Carter,Willard-Carter,N7rVo_V5J7rtDMm,799-703-7318 x6123,2298 Joannie Hill,New Roel,Nebraska,Qatar,18570,-79.1773,80.7679,tame-thief.biz,District Division Engineer,917.00,67e44d8c-0b12-4320-9609-a4dc284d0ddc,669149035ec30c5114551963
Jayden,Jacobs,Jayden-Jacobs,ULmUK9MvUiBpTIW,429-896-7266 x2589,64185 Mavis Neck,Fort Mollie,Wyoming,Bahrain,56197,-29.1772,-90.2542,bare-mouton.net,Direct Research Specialist,734.00,c5b4bb0a-bdcb-44b3-a83c-0cfdce9c38fe,669149035ec30c5114551964
Domenica,Tremblay,Domenica-Tremblay,3E_T9LG3mwwY3lc,(991) 630-4744 x842,4815 Gracie Highway,West Allyfurt,Utah,Namibia,16468-2405,25.2953,115.0557,agreeable-inbox.com,Lead Creative Officer,401.00,c90697be-c288-4430-93f3-fc337553c9be,669149035ec30c5114551965
Brad,Cartwright,Brad-Cartwright,bw1TWadEQDCVNzb,370.923.3264 x0051,419 Ratke Valleys,Grantcester,North Carolina,Sudan,31748,25.2803,14.0068,periodic-god.com,Investor Integration Analyst,335.00,6ff51cf9-7e8e-46db-8418-4ee1b0f67bd6,669149035ec30c5114551966
Abdul,Blick,Abdul-Blick,8QrfTp3oUzjBFZA,376-364-0872 x1711,6005 Carroll Freeway,East Jessyca,California,Guatemala,57252-0036,35.4249,-168.3901,sane-winery.name,Customer Interactions Producer,238.00,bbc1f8d6-358b-4469-b16f-6d1bc297a514,669149035ec30c5114551967
Mary,Waelchi,Mary-Waelchi,h6EN7PwglLzPVEV,1-898-332-8298 x101,1035 Wolf Burg,Osinskifort,New Mexico,Andorra,87034,70.6992,177.3323,antique-income.com,Direct Mobility Officer,995.00,2f04a885-321e-4bda-a97d-a53a485f66d8,669149035ec30c5114551968
Zelma,Lueilwitz-Homenick,Zelma-Lueilwitz-Homenick,mnSbHeoEJ5dpD6k,646-347-5912 x745,495 Obie Pike,South Isidro,Indiana,Eritrea,62234-5809,-9.1345,3.7336,worried-simple.biz,Principal Data Designer,560.00,bcc07747-0bfb-4d34-b16f-b432c4062f43,669149035ec30c5114551969
Amie,Barton,Amie-Barton,VvvcY1MTxpSNtVo,974-280-5280,6126 Schamberger Tunnel,Port Fredyfield,Maryland,Bermuda,09174-3486,-88.2058,84.1601,knobby-typhoon.info,International Creative Engineer,352.00,2d37fd74-7d9f-4aad-8933-060cd5c7f53d,669149035ec30c511455196a
Jakayla,Cummerata,Jakayla-Cummerata,1t7KhY8FhKZY89s,(231) 992-7631 x643,651 Jeffry Causeway,South Jonathan,Pennsylvania,Togo,06971,1.1179,-118.3534,improbable-hemisphere.name,Chief Operations Architect,86.00,45233675-50ee-4eb8-83f6-52297bcd393a,669149035ec30c511455196b
Gerardo,Abernathy,Gerardo-Abernathy,8edCZLpVJCQkOpE,1-647-982-2752 x575,13978 Gusikowski Squares,West Bernardville,Alabama,China,21553-3332,82.5424,165.9913,medium-kind.name,Lead Infrastructure Assistant,766.00,535801ee-e031-4efe-9bed-1acba04b9b69,669149035ec30c511455196c
Filomena,Ruecker,Filomena-Ruecker,gW9AoURLZPlSXpe,513-829-8045 x2497,3687 Raynor Cove,Fort Modestaton,Connecticut,Mauritius,16809,-58.6129,-124.3341,scared-brow.org,Customer Infrastructure Supervisor,447.00,bdc016ae-13df-4e18-a167-4ad0f880b896,669149035ec30c511455196d
Elian,Hilll,Elian-Hilll,JrXqyLwjyC9uaHG,902.664.5141 x27506,153 Jean Causeway,Fort Theo,Idaho,Guam,53995-5084,14.3724,103.4901,lively-worshiper.biz,Legacy Branding Officer,537.00,80872f4b-3724-4d82-a438-39f2f61a3983,669149035ec30c511455196e
Gerald,Conroy,Gerald-Conroy,7glNIBESt1mdmBC,1-516-640-5047 x8508,5724 Huel Pass,Milwaukee,Maine,Germany,43878,-11.5932,-69.1227,familiar-effectiveness.info,Customer Factors Supervisor,205.00,6cc65a00-ae8a-4425-850f-ae224b92d9c0,669149035ec30c511455196f
Carolina,Botsford,Carolina-Botsford,mqeyTzATTbYsXR6,645-475-2396 x06502,71414 Swift Divide,Prohaskabury,Arizona,South Georgia and the South Sandwich Islands,79897-0330,30.751,-101.0518,inconsequential-squid.info,Internal Response Executive,322.00,064d187f-ed63-470c-a6ce-a7a1e5051935,669149035ec30c5114551970
Wallace,Barrows,Wallace-Barrows,9D2GTC8w2GxmNV8,(616) 853-9490,50020 Herzog Vista,Rydermouth,Alabama,Botswana,47115-7753,84.1396,-12.2369,official-scimitar.com,Corporate Security Consultant,527.00,93481596-0c78-4906-a25f-5413c55267a0,669149035ec30c5114551971
Freddy,Emmerich,Freddy-Emmerich,ujeLuTiCCogDHKp,(793) 981-2550,8272 Mayer Pine,Watsonville,New York,Saint Martin,65479,-49.0735,-89.9951,rusty-apricot.name,Internal Marketing Specialist,575.00,9cecf0ce-2962-439d-a3e9-68841ae1cbfc,669149035ec30c5114551972
Abdullah,Goldner,Abdullah-Goldner,yKSOTNYO02yrbjO,(337) 211-6337,50420 Antwan Brook,North Seanbury,Maryland,Senegal,98314-9159,-77.2463,-91.8695,legal-thigh.biz,Legacy Mobility Engineer,382.00,ef2ed352-4daf-4686-99d3-29f2336ac2ac,669149035ec30c5114551973
Emery,Keebler,Emery-Keebler,zy_k7yN7Xesje6s,1-843-955-5647 x63397,89785 Desiree Crest,Idellaland,North Dakota,Micronesia,53918,34.3855,11.4911,stale-workout.com,Investor Assurance Administrator,256.00,299d4441-55a8-44f1-99da-1b817d41c3d0,669149035ec30c5114551974
Olaf,Wyman,Olaf-Wyman,9U1nhrJiXR2f5mC,(966) 370-6014 x76182,6976 Kuvalis Heights,Manteborough,Pennsylvania,Cambodia,10819-5913,-57.8295,103.211,chubby-souvenir.com,National Interactions Executive,365.00,8c5c7c30-0b52-4933-9829-8221eb097216,669149035ec30c5114551975
Pearline,Bradtke,Pearline-Bradtke,_OhsIqmU5ON9zep,1-758-394-2069 x708,3996 Hayes Valley,Lake Mazie,Nevada,Samoa,73684-9547,-77.4364,-52.6491,yummy-self-confidence.com,Chief Implementation Specialist,855.00,bf18947b-d131-49a8-b6ae-9a001483f372,669149035ec30c5114551976
Oren,Johnston,Oren-Johnston,LYrNJczytuZqg09,747.436.0433 x926,954 Kutch Cliffs,Spinkahaven,Massachusetts,Cayman Islands,76596,-35.9078,92.5177,bewitched-evolution.net,Investor Division Coordinator,914.00,c3e7d16c-528a-4d9d-929d-e4c7b2e0645b,669149035ec30c5114551977
Lavern,Yost,Lavern-Yost,by5I4u6sMjVcR3P,1-789-665-6826,90632 Quigley Mount,Gibsonland,New Mexico,Tajikistan,94062-5733,48.2102,-139.0284,fabulous-archives.biz,Global Configuration Agent,675.00,51bfc44b-1b6f-42b2-81f8-ed7df4b8b5f7,669149035ec30c5114551978
Kelly,Langosh,Kelly-Langosh,OfHAQO7XxmhhwQa,310.523.6751,69316 Johnson Rue,Lake Keatonburgh,Maryland,Belize,14589-9325,-59.3663,112.5538,loving-mama.biz,Internal Quality Liaison,518.00,39158d5e-3037-4802-929e-b260359ece7d,669149035ec30c5114551979
Shaniya,Fisher,Shaniya-Fisher,9PDLGSq_j5ei0Cs,824.208.8626 x9311,823 Jermey Shoals,Farmington,Missouri,Russian Federation,67155,-77.0477,-103.1129,spectacular-hemisphere.biz,Corporate Branding Supervisor,996.00,b1aa87a4-04b9-489e-834b-a5910e4e0efb,669149035ec30c511455197a
Abagail,Towne,Abagail-Towne,Vvcp5Lq9WTkmRKr,(235) 472-8227 x717,69319 Schulist Stravenue,West Danchester,Alabama,Oman,56609,-83.829,-69.6973,lively-hat.com,Future Program Associate,735.00,e8f87360-9979-4242-ba2c-59f904c494e2,669149035ec30c511455197b
Marques,Mohr,Marques-Mohr,LzTMsiWtvhoj4kO,502-698-4168 x88615,6087 Kovacek Hill,South Judgeburgh,Virginia,China,34339,-58.9441,133.3196,unaware-mezzanine.com,Global Web Planner,676.00,6b7c6836-e31e-4d00-8624-80ef69ecb142,669149035ec30c511455197c
Darien,Kassulke,Darien-Kassulke,fKbZhZ9DfbFMXsZ,773-817-7204 x281,2938 Tyler Ranch,Windlercester,New Mexico,Lebanon,35996-1202,27.7546,-129.0589,soggy-burden.info,Investor Accountability Engineer,432.00,1f06a5b5-6989-4e5d-99b2-75d712d845f3,669149035ec30c511455197d
Toby,Lowe,Toby-Lowe,rRh2ceAXgMh5O_e,250.341.9579 x377,6595 Augustine Parkway,Margieview,Oklahoma,Belgium,06640-6478,17.9408,-75.7656,internal-calico.info,Corporate Creative Consultant,977.00,ee18f59d-2de2-449d-b816-2f3773cb3cb0,669149035ec30c511455197e
Devon,Mosciski,Devon-Mosciski,EhYCUmLJrAA9kvn,638-335-3677 x166,30834 Zulauf Forest,Rockville,Vermont,Ecuador,30714-5283,55.4717,-75.9138,harsh-drainage.com,Customer Solutions Consultant,304.00,16fb28ff-527f-46ea-92fd-3c97e79097e6,669149035ec30c511455197f
Kaitlyn,Fay,Kaitlyn-Fay,2UwGIcFIbHgQzz1,274-934-0641 x159,839 Deckow Glen,Rosemead,New York,Niue,80212,61.3954,-14.3023,unrealistic-dessert.biz,Future Infrastructure Orchestrator,460.00,190c34f0-7765-493f-8434-8b4882ed199f,669149035ec30c5114551980
Donna,Spinka,Donna-Spinka,_VioMDXfEjjD8oZ,(503) 303-9072 x2195,464 Virgie Forks,New Friedrichton,Colorado,Cocos (Keeling) Islands,96386,64.7407,-61.9537,neglected-loading.info,Corporate Group Assistant,468.00,f9d82113-63cc-451c-aed1-94e3ed5fcecd,669149035ec30c5114551981
Gabriella,Kuphal,Gabriella-Kuphal,Ebm6iF9cvyj8OCp,1-586-205-4151 x007,65001 Ritchie Street,East Dejah,Massachusetts,Cambodia,17091,-29.2321,-42.7128,unpleasant-honor.biz,Investor Creative Assistant,962.00,f943bf2d-171f-4854-8f37-0a31b2ee1086,669149035ec30c5114551982
Cheyenne,Reichel,Cheyenne-Reichel,smNBq5r61h0pyzy,710-806-6923 x73791,512 Howe Park,Raynorton,Iowa,Ghana,88468,-56.6011,-133.9972,equatorial-prose.biz,Dynamic Identity Supervisor,902.00,d4c3d884-ddcc-4637-bf77-6ab970954fbb,669149035ec30c5114551983
Lafayette,Will,Lafayette-Will,5GUcbZWjqW60rGM,1-700-383-7532 x6255,1940 Considine Parkway,Severn,Wyoming,Holy See (Vatican City State),78776-6376,20.6646,-107.6896,downright-guitar.biz,District Directives Officer,678.00,a5c4d140-3393-4ea4-ad92-75f9af60af2a,669149035ec30c5114551984
Kenneth,Bahringer,Kenneth-Bahringer,sYt5eR_wj0Tooms,470-796-4980,724 Marilou Meadows,Vernaborough,Texas,Puerto Rico,11958,44.9255,73.2501,kindly-behold.org,Customer Solutions Strategist,15.00,6370699d-9ffc-4a22-a42b-f64ad7e36864,669149035ec30c5114551985
Giovanni,Schaden,Giovanni-Schaden,a9ZV8INewfKP7dH,1-560-455-1519 x858,37129 Lynch Mill,Minneapolis,Maryland,Greenland,34518-5753,45.4304,-159.0535,faint-verve.info,Dynamic Branding Designer,845.00,0699aace-37ac-4dd9-be5c-e26224bb5771,669149035ec30c5114551986
Kameron,Leannon,Kameron-Leannon,Xlh21UNjkx6ml3W,(399) 672-3598 x26281,3343 Becker Rapids,Zboncakville,Kansas,New Zealand,31595,-11.9228,23.7679,high-level-click.biz,Senior Quality Administrator,398.00,e7b39647-1721-4370-b73d-3a6ce95eef5e,669149035ec30c5114551987
Tito,Pouros,Tito-Pouros,eEGxWfSrHZJRtje,809-372-2665 x67919,52413 Becker Ranch,East Fayestad,New Hampshire,Sint Maarten,83886,73.8077,-0.4158,periodic-religion.info,Senior Intranet Engineer,47.00,8cd46e70-286d-4123-90c0-28ea808c3b04,669149035ec30c5114551988
Keith,Gislason-Ortiz,Keith-Gislason-Ortiz,m3eSMizlwoipj_W,929-580-5737 x8055,42964 Stiedemann Shoal,Mitchellton,Georgia,Palau,59013-4459,82.3351,-105.2421,finished-place.info,Forward Paradigm Analyst,243.00,98542dff-c67b-43c6-b0b9-ca3bec86d697,669149035ec30c5114551989
Roslyn,Haley,Roslyn-Haley,kSj6tEzniPzYrd6,(622) 398-0559 x754,342 Satterfield Parkways,Kirlintown,West Virginia,Canada,35327-9213,17.4676,117.23,merry-cashew.biz,Lead Integration Technician,308.00,85201c5c-2b91-41b9-ab04-53579883750c,669149035ec30c511455198a
Gene,Fahey,Gene-Fahey,1CvwqEFvIAfx9q3,391-634-7408 x5569,725 Emma Union,Albuquerque,West Virginia,Venezuela,83117-4909,-59.6674,26.7531,trustworthy-beak.org,National Creative Engineer,107.00,80794490-adc5-4d10-9930-f813e592ddbf,669149035ec30c511455198b
Emie,Murphy,Emie-Murphy,R4qL01fmRcqy6LO,(889) 893-3188 x979,23574 Brooks Parkway,West Angieboro,Kansas,Pitcairn Islands,20463,-56.6976,134.4692,euphoric-mover.com,Investor Markets Representative,260.00,e77fcf1c-9239-43cc-b7c0-7f8c03a3ad2c,669149035ec30c511455198c
Maxie,Haley,Maxie-Haley,oj3oE78gg19E5cj,326-640-9351 x31975,44928 Torp Forges,Ilaworth,Colorado,Gabon,11532-6070,-59.5922,23.6428,neighboring-reservoir.net,Forward Usability Facilitator,349.00,53c79ff3-4f67-4825-bd41-7a3383c2548f,669149035ec30c511455198d
Loyal,Champlin-Farrell,Loyal-Champlin-Farrell,0NdtGYIsv677eiG,628-488-0254 x704,884 Myrtle Highway,North Magali,Mississippi,Cameroon,59530,-20.2512,-30.0246,bold-horn.com,Internal Tactics Liaison,929.00,bb88571d-ce70-40dc-8a2d-f2a8d34d2e98,669149035ec30c511455198e
Benjamin,Hammes,Benjamin-Hammes,Jx_puQom2znY6SJ,358-908-3483 x770,1745 Smitham Path,Bogisichton,Kansas,Sri Lanka,34898,-5.3401,66.7358,previous-author.net,Principal Data Technician,313.00,9cc50cc8-f19d-4f04-8fb6-c378a92f0bca,669149035ec30c511455198f
Gus,Purdy-Ziemann,Gus-Purdy-Ziemann,aUNj7DmUInl5x_g,590.486.9258 x238,164 Hannah Gardens,Lake Keeleyshire,Iowa,Democratic People's Republic of Korea,31972-9623,-87.6053,-53.7991,limited-slice.org,Principal Creative Developer,219.00,bf5039e1-b236-4b58-82b3-df1e630a9526,669149035ec30c5114551990
Jacquelyn,Turcotte,Jacquelyn-Turcotte,f0HHYXZPGijQ0zy,704-247-1084,3953 Veum Extensions,East Norris,Ohio,Mongolia,62709-3491,59.3038,27.3873,frightening-rod.info,Product Solutions Administrator,252.00,ef130c2c-1e05-4c59-aab4-69a18851e95b,669149035ec30c5114551991
Josue,Haag,Josue-Haag,KGPQxB0WmlC2Fzc,291.934.0308 x43358,4063 Deja Lane,Hirthefield,Wisconsin,Sint Maarten,02272-8065,89.631,47.1261,angelic-goodwill.biz,Product Accountability Planner,714.00,920df0db-2934-46c5-aa42-c9d4e5376d3b,669149035ec30c5114551992
Bernie,McLaughlin,Bernie-McLaughlin,JRx_hvVE269iOKK,1-778-915-8468 x1515,2813 Tierra Valleys,Lake Geoffrey,Washington,Bermuda,36956,-85.1498,-47.4462,distorted-copper.info,National Implementation Developer,374.00,8d37770a-f155-4c6d-a3c0-b32836838184,669149035ec30c5114551993
Ally,Brekke,Ally-Brekke,McpVR4jvBJ3o3Nh,554.203.1510,259 Rebecca Ranch,Port Teagan,South Carolina,Puerto Rico,86751-6951,-52.6572,-63.1905,exhausted-leadership.com,Internal Functionality Orchestrator,114.00,b0572cc9-b8b2-4939-80a7-26def9ec1358,669149035ec30c5114551994
Glenna,Rowe,Glenna-Rowe,mml4fWVUS_usa00,398.491.1294 x87197,13025 Stokes Coves,Fort Kade,Illinois,Faroe Islands,67843-2062,84.541,149.1279,testy-welcome.biz,Central Usability Supervisor,604.00,8a0db3cd-972a-48ca-81b5-b60e543a2ad4,669149035ec30c5114551995
Allie,Ortiz,Allie-Ortiz,94wHd07HW0whr44,1-285-940-0482,2135 Jacobs Motorway,New Keenanmouth,Tennessee,Azerbaijan,19793-4316,-36.9599,147.2873,hefty-preface.biz,Internal Communications Supervisor,604.00,11710452-8186-486b-b6f4-25f9d718d266,669149035ec30c5114551996
Chauncey,Murray,Chauncey-Murray,I8e_EvhET_fi0Ll,329-720-1083,6028 O'Hara Ford,Port Josephport,Idaho,Bosnia and Herzegovina,46206,-79.5815,-139.367,spherical-mainstream.net,Dynamic Web Planner,510.00,a2381e04-dc31-4134-a705-593ed25ae0e3,669149035ec30c5114551997
Cindy,Bruen,Cindy-Bruen,0a2R4sgXqdWQ4aM,(413) 424-5734 x6130,6650 Rodolfo View,Kochtown,Utah,Dominican Republic,31499,-36.2858,17.2637,gullible-corporal.name,Forward Functionality Representative,351.00,423346dc-cc1a-4eeb-9c9a-c7906493febd,669149035ec30c5114551998
Jaeden,Abbott,Jaeden-Abbott,jBuPFsEIRER5c5E,(914) 659-0902 x7268,4481 Frankie Station,Fort Casimerhaven,Illinois,Trinidad and Tobago,60031,-79.826,55.4134,acrobatic-manicure.com,Global Assurance Director,867.00,f5f096f7-048e-4401-b565-292bd3376388,669149035ec30c5114551999
Wendell,Goyette,Wendell-Goyette,69FNjbMYv4n0Jd_,227.734.2791 x77348,16919 Bins Spur,New Noeliastead,Oregon,Mali,73438,-8.5467,170.6572,serene-noodle.name,Internal Applications Liaison,279.00,31f54d79-8a00-4a92-ba86-c598f4c16ce9,669149035ec30c511455199a
Branson,Orn,Branson-Orn,xDTgXedqxq_uMqL,(523) 758-1859 x955,882 Rippin Light,West Novella,Nevada,Botswana,59747,-46.5247,117.0928,cultured-half-brother.biz,Corporate Interactions Specialist,670.00,eb7e8bd7-e50e-457d-bfd7-769691c0e7e2,669149035ec30c511455199b
Cali,Morissette,Cali-Morissette,PwaZRUyKHjiXI4r,(205) 713-1830 x84092,217 Akeem Lake,Emmittborough,Maine,Saint Barthelemy,59079,2.2629,52.6393,elated-experience.name,International Quality Technician,574.00,77638a4f-15b0-49b2-a6f2-412dbae67697,669149035ec30c511455199c
Abel,Bahringer,Abel-Bahringer,fa3eex0zfhgaQEe,1-310-418-7348,704 Walter Loop,Lisetteton,Wyoming,Spain,61613,53.7499,-140.4871,fake-eggnog.net,Future Functionality Engineer,500.00,9e60d953-7874-4fbe-8c96-652583eeaab3,669149035ec30c511455199d
Pietro,Hahn,Pietro-Hahn,aRvdG985SVe_S8H,(794) 528-3407 x20322,759 Wolff Cliffs,Cheyenne,Maryland,Cameroon,38300,53.475,-145.0435,young-milkshake.name,Investor Quality Technician,217.00,694289ef-06b0-4361-aec7-0d4034e49e0b,669149035ec30c511455199e
Jameson,Prohaska,Jameson-Prohaska,ke61clHQaHVRJ7S,411.209.5222 x8179,6787 Alberto Crescent,Jerdeshire,Kentucky,Slovakia,48192,-12.2615,148.0333,plastic-defender.name,Investor Infrastructure Engineer,185.00,11fe67fc-b8d7-4b27-98ce-525150180283,669149035ec30c511455199f
Jerrell,Grimes,Jerrell-Grimes,Jzb14xyff74r5Tb,809.369.5265 x49201,7462 Volkman Divide,New Estellworth,Idaho,Serbia,08469,59.5958,13.9564,creative-pupa.info,Internal Data Administrator,730.00,85b47a53-b9f3-4f7e-8a6a-b831645dac9e,669149035ec30c51145519a0
Jazmyne,Yost,Jazmyne-Yost,Ga1BJH9aosG1Kda,(619) 535-9120 x43989,772 Adeline Freeway,Blaine,Maryland,Botswana,82845-0234,-49.5583,82.5596,rotating-heaven.info,Internal Factors Manager,511.00,90ab1ea3-28d2-40f2-95fd-0fcaaec95a77,669149035ec30c51145519a1
Joelle,Yost,Joelle-Yost,RXlw1KUBDZ7sRAE,(704) 378-3448 x663,4647 McCullough Road,West Aprilhaven,Texas,Ukraine,40854,56.2219,-145.9883,embarrassed-pheromone.net,Principal Solutions Executive,360.00,af950611-d21a-4eec-85ef-7fc270816b56,669149035ec30c51145519a2
Chris,Conroy,Chris-Conroy,7Z084pUO53fQYoR,449.842.5046 x596,521 Luz Radial,Littleton,Mississippi,Afghanistan,21427,-17.2013,-115.2008,dearest-major-league.net,Chief Tactics Producer,519.00,8531d7fd-87bd-414c-b678-3e0676faed3d,669149035ec30c51145519a3
Adolphus,Morissette,Adolphus-Morissette,SDEvv9ttC_egc4k,(812) 491-2952 x29857,70015 Bernhard Spring,New Unastead,Louisiana,Japan,26978,-36.7557,175.9818,striped-oil.biz,Lead Operations Administrator,575.00,40786102-f3ea-45f4-9d4d-281bc0ec9d95,669149035ec30c51145519a4
Jared,Swift,Jared-Swift,8VwteQko6V6ZAqb,275.969.1907,66125 Kuphal Spur,Lake Ridge,Vermont,Bolivia,90707,-86.9002,94.8976,loud-reference.com,Direct Quality Specialist,484.00,bf6080b7-a0fe-4baa-9dde-5da3a1c975bc,669149035ec30c51145519a5
Tony,Gulgowski,Tony-Gulgowski,dOal3SnRCSwUbvK,728-686-3939 x864,557 Damian Ford,Wymanville,Arizona,Micronesia,74235-7873,11.9373,-98.7154,angry-portion.com,Investor Assurance Officer,61.00,3eb4e8eb-9350-474c-be5e-af198725dbd2,669149035ec30c51145519a6
Peyton,White,Peyton-White,__lpaTHDcZlC4Pf,576-738-1461 x7250,908 Gorczany Drives,Buffalo Grove,Idaho,Ukraine,02850,15.2466,173.0686,shoddy-assist.name,Direct Directives Developer,170.00,8cca30ad-ce9a-409c-ab41-6261ccfd1328,669149035ec30c51145519a7
River,Dicki,River-Dicki,UmOuKNtCEM_U6sR,(235) 905-1363 x56297,196 Kozey Ports,North Darrenboro,Minnesota,Saint Helena,91362-6819,73.7299,-143.2227,slow-nationality.info,Forward Interactions Executive,840.00,81266902-5acf-42ed-8113-3c352910da99,669149035ec30c51145519a8
Rubye,White,Rubye-White,XIKuZ2aKQsnvmYk,(222) 927-4703 x110,16819 Zakary Cliffs,West Geoffrey,New Hampshire,Luxembourg,34968-6127,-14.8255,-47.8177,ironclad-cupboard.com,Dynamic Response Orchestrator,524.00,d1180042-d71e-4213-8b85-2e2ee255e706,669149035ec30c51145519a9
Miguel,Rohan,Miguel-Rohan,GOgABuD1Kumd4xV,301-709-0270 x018,90161 Karina Key,Fort Kobestad,South Dakota,New Caledonia,52250-0530,65.7559,-49.5043,decimal-dibble.org,Future Research Technician,955.00,34f39170-edc2-4763-89e7-a01524415b66,669149035ec30c51145519aa
Trystan,Quigley,Trystan-Quigley,eXkOp2s_EjW98x_,1-244-633-1172,131 Yazmin Coves,Sylviaborough,Alaska,Saudi Arabia,60931,88.145,96.6369,essential-native.name,Regional Paradigm Technician,327.00,b7d8ea0e-1596-4489-bf9a-1fc1e43a620a,669149035ec30c51145519ab
Aron,Heaney,Aron-Heaney,zCAwTJgx5C2sMqp,1-846-257-1432 x6786,16641 Schuppe Wells,Chesapeake,New Jersey,Papua New Guinea,23865-9338,-5.0064,-45.0108,understated-chive.org,National Program Technician,433.00,7066fefc-6a5f-46b6-8f31-c6cf8f3dbe95,669149035ec30c51145519ac
Gillian,Auer,Gillian-Auer,xMT4Wk3eCzkPiRo,1-964-291-3184,394 Thurman Flat,Doylefield,Kentucky,British Indian Ocean Territory (Chagos Archipelago),84000-0360,72.6772,-0.4655,elderly-outhouse.com,Future Applications Architect,901.00,f636e0b6-4874-4376-95db-419bba8f6eed,669149035ec30c51145519ad
Sophia,Skiles,Sophia-Skiles,7DH0bAAlc36vbnN,233.909.9722,60974 Hermiston Manor,Kearny,Ohio,Afghanistan,05144-8558,-46.0315,65.0867,mortified-seabass.net,Legacy Security Agent,75.00,b8251ddb-8d40-4119-a382-ddd8cc143572,669149035ec30c51145519ae
Aliya,Raynor,Aliya-Raynor,2qoU65UJ7DUJGL8,1-749-930-0168 x8085,8111 Morar Forks,Torreyberg,Nevada,Iceland,31471-8587,-48.873,-89.4551,solid-octave.name,Forward Communications Executive,80.00,77912125-159c-4408-81c1-471c50393a4b,669149035ec30c51145519af
Jordi,Feil,Jordi-Feil,aGADhXhQ2hwUatY,633-719-4525 x7924,141 Langworth Ramp,Lake Ismaelside,Connecticut,Comoros,33749-7679,-17.5978,-122.3739,weekly-corporatism.info,Internal Brand Technician,757.00,decacf3d-4c3a-4e9b-9542-70efb54bcbf3,669149035ec30c51145519b0
Adolphus,Jacobson,Adolphus-Jacobson,lbwKhQYgyLFFLQq,810.309.7143,86997 Ardith Junction,Gaithersburg,Maryland,Belgium,65236-1862,-44.8693,41.5014,elaborate-guest.org,Global Directives Assistant,689.00,d4c091da-0fc9-4393-920b-11168913128c,669149035ec30c51145519b1
Elisabeth,Runolfsdottir,Elisabeth-Runolfsdottir,09lCg_wjvPuSj3W,931.802.9342,67976 Raleigh Plaza,Cleveland Heights,Hawaii,Lebanon,68404,28.911,-134.8695,black-and-white-octavo.com,National Metrics Associate,937.00,e1abb2a3-7d0c-4702-9236-9ce19cd9041b,669149035ec30c51145519b2
Jairo,Veum,Jairo-Veum,8owfkOoBucWumNQ,1-871-346-3897 x1244,6242 Denesik Harbors,Port Vesta,New Jersey,Lao People's Democratic Republic,06839-8573,-73.461,-157.1047,yellowish-interpreter.com,Investor Response Strategist,121.00,195081af-94f3-4367-be1d-89dde3eff327,669149035ec30c51145519b3
Loren,McClure,Loren-McClure,e1jnDmLjvIGr4HZ,851.344.8104 x9385,92192 Hudson Glens,Candidashire,Florida,Martinique,51475,-35.8648,149.4419,puzzled-moustache.org,Lead Creative Engineer,427.00,64fdb9e2-0bd8-4775-8a0c-1bfc99ef2386,669149035ec30c51145519b4
Bianka,Grimes,Bianka-Grimes,t7hr1Vf36cqYD8X,572.259.9719 x60999,3026 Mario Drive,Euclid,Rhode Island,Botswana,46692,69.6018,-39.0494,submissive-hyphenation.name,Product Accountability Representative,663.00,81f6909b-9426-4903-a406-5b347a844063,669149035ec30c51145519b5
Laurel,Hyatt,Laurel-Hyatt,BxtP7T8ISfgMDJh,1-503-288-2466 x7921,285 Moen Well,Nettieland,Georgia,Somalia,70649,49.6335,-148.2383,old-workplace.info,Internal Configuration Officer,177.00,8d9d0266-0ca9-4e17-a105-5bdbe0e98d82,669149035ec30c51145519b6
Lindsey,Carter,Lindsey-Carter,FR3rx_sEpVfRfq3,(289) 782-2427,39096 Zemlak Meadows,Garfieldberg,Alaska,Suriname,34738,9.4892,61.6182,interesting-chalice.org,Future Configuration Liaison,215.00,5bb3d77e-ddb5-4770-abb8-13df112b6417,669149035ec30c51145519b7
Lessie,Welch,Lessie-Welch,N_pcJ5rF0NjR2af,(202) 603-3577,194 Sylvan Pike,Kristyhaven,Pennsylvania,Guinea,77180-4912,28.5961,128.7586,stingy-parenting.net,Dynamic Operations Assistant,649.00,06c8d531-2633-4c16-81f7-9fe1ed3282dd,669149035ec30c51145519b8
Gregg,Flatley,Gregg-Flatley,MVEraMSduSfJgnA,1-328-888-9001 x64351,118 Darian Expressway,East Henryberg,Michigan,United Kingdom,50842-6770,-74.7592,-59.7689,lonely-downgrade.org,Corporate Metrics Engineer,94.00,4c5fbdd8-f3b8-4f64-9d0d-8cdf94bcc923,669149035ec30c51145519b9
Malachi,Kovacek,Malachi-Kovacek,QRaxGhKb4P_maox,426.616.6933,195 Sienna Shoals,Annetteborough,Montana,Sierra Leone,17518,86.1406,132.5879,legitimate-eyeliner.com,Central Configuration Agent,9.00,afd8533c-4e27-4424-8acd-b583474bb5e7,669149035ec30c51145519ba
Alberto,Stiedemann,Alberto-Stiedemann,2Fdyu6IpUk1mlOz,461-311-5798 x6329,751 Reece Extension,East Estellmouth,Connecticut,Ethiopia,86397,83.6822,92.9401,bronze-strait.biz,Central Group Designer,858.00,458d8ee0-57ac-42bf-a2de-aea2a9567215,669149035ec30c51145519bb
Jasper,Schroeder,Jasper-Schroeder,5zsQdoYDhVqWUhA,(674) 897-6531 x8302,403 Lila Via,Beavercreek,Hawaii,Saint Vincent and the Grenadines,89881,8.2336,15.3272,reliable-anyone.org,Direct Division Supervisor,525.00,7cae1745-23f9-4bdf-b79c-b0fc28c346e2,669149035ec30c51145519bc
Rosetta,Wilderman,Rosetta-Wilderman,CJ4pga1zhtMyyMY,561.811.5317,7206 Ullrich Mission,Minot,Pennsylvania,Belize,78073-7592,48.4444,-24.7249,enraged-lieu.org,Corporate Implementation Analyst,884.00,1782050c-16c9-4203-afb4-132a941aa371,669149035ec30c51145519bd
Mathias,Willms-Morar,Mathias-Willms-Morar,9jJmaBAVi_JHdj9,634-954-1048 x4629,9880 Mollie Track,Konopelskichester,Oregon,Kenya,69804,-40.9181,49.3293,drab-coral.org,Internal Usability Representative,497.00,120bf189-f26c-40f0-8459-bfc9cc8c2f6e,669149035ec30c51145519be
Lupe,Maggio,Lupe-Maggio,f5aZynv9JtboCbs,(395) 426-3602 x6147,5283 Schaden Neck,Port Amelyhaven,South Dakota,South Georgia and the South Sandwich Islands,47717,-47.2036,-128.5903,low-counseling.net,Human Factors Planner,707.00,e0321615-6e95-4e9a-b5b2-9ee5ffae1f55,669149035ec30c51145519bf
Elenora,Nicolas,Elenora-Nicolas,cUmtrT0zaajMWnS,1-273-881-9427 x7160,73321 Veronica Squares,Akron,Colorado,Tunisia,53352-2681,37.224,-16.7652,sweet-preparation.name,Forward Optimization Coordinator,636.00,1704b1a5-03ef-4b6a-884c-c161eee8fdfb,669149035ec30c51145519c0
Charles,Lindgren,Charles-Lindgren,JhJoDHE7kHqp7sf,531-265-8163 x93748,6884 Homenick Lakes,Temple,Hawaii,Western Sahara,30737-5631,10.2457,161.4531,super-colloquy.name,National Applications Executive,551.00,9677bfb4-e1d8-4c38-874a-2bb21f9b1fc5,669149035ec30c51145519c1
Shawna,Wintheiser,Shawna-Wintheiser,nsJo38cw4MIOVE3,(563) 567-0254,95081 Ronaldo Extension,O'Connerchester,Minnesota,Argentina,23838-0578,64.1642,174.2996,key-wetland.com,District Brand Strategist,283.00,933d8cd9-5d66-4893-a554-0b35cd56289e,669149035ec30c51145519c2
Gina,Lehner,Gina-Lehner,BGUFqNSg53XgnkW,641.552.7628 x95707,73070 Clark Path,Stoltenbergbury,Virginia,Senegal,97442,29.3999,-13.2466,realistic-anthropology.name,National Functionality Associate,221.00,d50fc784-46f9-4694-a9a1-33377aa43a51,669149035ec30c51145519c3
Randal,Purdy,Randal-Purdy,LGLosn5exT7wlzX,(699) 822-2550 x2592,217 Alisha Manors,Crookston,Maine,Nigeria,04535-6801,-81.1703,89.2165,serene-seabass.org,Product Interactions Technician,120.00,95dba5e3-14f0-4673-9eeb-1586dc07bc8b,669149035ec30c51145519c4
Noe,Pfeffer,Noe-Pfeffer,JdzxOqFb82WF_YA,1-999-533-5759 x09105,903 Schimmel Mall,Lavadashire,Michigan,Gabon,28507,82.8974,-136.0934,quick-witted-disposer.net,Forward Solutions Associate,785.00,e18a083e-443f-4267-9d68-97737bc001fd,669149035ec30c51145519c5
Liam,Wolff,Liam-Wolff,PpZVUrpdArL9nNf,(707) 264-4734 x87856,484 Hoppe Isle,South Dorisstead,North Dakota,Tajikistan,99937-1405,55.6571,113.8672,aromatic-horst.net,Forward Functionality Officer,212.00,c3d776df-8218-45e0-82d6-7906ce1840d7,669149035ec30c51145519c6
Ashlee,Berge,Ashlee-Berge,gM0byrh_LDGVEQr,509-402-0287,824 Towne Causeway,Mireilleview,New York,Malta,08357,-61.1583,171.0751,livid-email.org,Chief Factors Designer,592.00,242c81a6-9fe2-4f8c-a7c3-77c4d7749e8a,669149035ec30c51145519c7
Horacio,Keebler,Horacio-Keebler,Czm8Fda3RaaZiz_,(811) 977-3868 x3138,50390 Virginia Expressway,West Darrell,Alaska,"Bonaire, Sint Eustatius and Saba",17904,-31.4288,121.8981,outlying-sender.net,Chief Integration Technician,987.00,b290919c-7d17-4717-933e-8f5acc3e64a5,669149035ec30c51145519c8
Jerrod,Rath,Jerrod-Rath,F2x9eQl8Df8lnj6,1-267-396-1687 x41648,17134 Lavina Lodge,McAllen,California,Sudan,76445-2718,55.5086,-151.2548,sugary-chopstick.info,Internal Metrics Specialist,562.00,f5dcb5a0-43a1-4f70-9216-a72da606f582,669149035ec30c51145519c9
Sarah,Crooks,Sarah-Crooks,ciOAVT8xs5ZtWNF,(800) 453-3218 x294,3234 Heller Centers,Lake Claudview,Nevada,Czechia,89842-2063,-6.8581,19.2304,slim-courtroom.name,Senior Branding Orchestrator,965.00,0316d2f7-f294-4330-8710-21e1fc41b5d7,669149035ec30c51145519ca
Garland,Rippin,Garland-Rippin,rhRm9BXhFdqR9kQ,895-307-4079 x95917,944 Jamal Inlet,Lake Isaacfurt,Maryland,Ecuador,89660-9441,31.3663,-151.4371,evil-popsicle.info,Human Mobility Supervisor,863.00,edc4812e-2f94-4884-9bf1-8acf15864d6a,669149035ec30c51145519cb
Palma,Kovacek,Palma-Kovacek,MhkRvsuZlL3x936,841.823.3444,499 Doyle Spur,Angieport,Iowa,Sint Maarten,27249-0475,-36.4516,-74.4017,funny-delivery.info,Direct Security Technician,668.00,53901aa3-ab53-48ba-80d7-d639970bfb01,669149035ec30c51145519cc
Clotilde,Kiehn,Clotilde-Kiehn,8HgjSuyR6ytBO1t,(288) 440-8542 x73521,883 Runolfsdottir Springs,Chelseyberg,Alabama,Ghana,23570,-61.2272,50.3722,perfumed-centurion.org,Corporate Group Planner,223.00,cc37aeed-4a20-48a6-8012-70c2bad4c091,669149035ec30c51145519cd