result.name.first,result.name.last,result.username,result.password,result.phoneNumber,result.location.street,result.location.city,result.location.state,result.location.country,result.location.zip,result.location.coordinates.latitude,result.location.coordinates.longitude,result.job,result.salary,result.objectId
Antonette,Becker,Antonette-Becker,mtKTe_ChI30ZEoF,535.290.9383,53080 Donnelly Locks,Fort Monserrat,Utah,Mali,33526-3036,-72.4152,164.8863,Chief Marketing Agent,136.00,66916acdc5d023f89ccba66a
Ahmed,Hyatt,Ahmed-Hyatt,7834xGb04Bo9iyp,1-734-766-8208 x88211,759 Elise View,Fort Janessafurt,Colorado,Sudan,92589-0070,-19.1029,38.6254,Central Markets Designer,582.00,66916acdc5d023f89ccba66b
Domenick,Bechtelar,Domenick-Bechtelar,3SJ7pwcA994PhbS,(586) 337-0350 x28683,46889 Hoeger Branch,Andresborough,Maine,Switzerland,27464-0154,-47.3613,105.8553,Legacy Operations Planner,852.00,66916acdc5d023f89ccba66c
Diamond,Greenfelder,Diamond-Greenfelder,LPXgCqE3e00fAkh,496-346-9020 x957,2166 Zula Route,Gislasonfield,Nevada,Canada,13786,3.772,-5.957,Future Usability Associate,541.00,66916acdc5d023f89ccba66d
Yolanda,Bernhard,Yolanda-Bernhard,NPtd9d1EuiBwQJ8,(670) 807-4793 x32760,31461 Emard Squares,Woodland,South Carolina,Lesotho,45478,-86.9534,177.6373,Corporate Program Representative,65.00,66916acdc5d023f89ccba66e
Maida,Ortiz,Maida-Ortiz,tNsUiEfG2ul_1gA,532-283-3606 x564,127 Monahan Freeway,Mohamedworth,Montana,Ghana,62880-1953,88.264,58.0769,Investor Data Developer,179.00,66916acdc5d023f89ccba66f
Jarrett,Medhurst-Hoeger,Jarrett-Medhurst-Hoeger,Y2tmWp7JOt_dbO3,889-875-1069 x88190,76256 Daniel Mountains,Curtisville,Washington,Kenya,12300-9325,14.5097,105.1295,Corporate Branding Officer,45.00,66916acdc5d023f89ccba670
Desmond,Luettgen,Desmond-Luettgen,DxL6jf1OP0cqBZ_,535-278-8215 x61601,32994 Keith Meadow,South Vilma,Alabama,Myanmar,63139-0877,-21.5212,-134.5687,Legacy Tactics Manager,540.00,66916acdc5d023f89ccba671
Bret,Johnston,Bret-Johnston,rP8SF4acIjY76Hx,1-381-455-4072 x960,6386 Hilpert Prairie,Morissettestead,Washington,Colombia,29814,-25.2944,31.8627,District Interactions Specialist,425.00,66916acdc5d023f89ccba672
Lew,Zieme,Lew-Zieme,rQgnLlyty4o9rT9,1-376-973-9802 x8269,9703 Hintz Terrace,Bayamon,Oregon,Guyana,72990-8705,-24.7202,-57.4866,Central Data Technician,636.00,66916acdc5d023f89ccba673
Narciso,Lind,Narciso-Lind,Jnf3Vk5UZqyXuUb,308.840.6652,147 Rutherford Pass,The Hammocks,Wisconsin,Tanzania,07548-6208,31.4876,-138.1503,Global Division Assistant,495.00,66916acdc5d023f89ccba674
Estelle,Hand,Estelle-Hand,DKJPaxtnLdd0uui,923.292.8412 x94677,1361 Sammie Grove,Broderickport,Nevada,Kazakhstan,52925,-20.974,-38.0635,International Security Orchestrator,572.00,66916acdc5d023f89ccba675
Maxwell,Farrell,Maxwell-Farrell,_eOg36CAa62r4hU,921-496-3804 x0718,7587 Mante Mills,Cecileburgh,Pennsylvania,Latvia,05960-9648,-11.4268,176.531,Chief Infrastructure Manager,492.00,66916acdc5d023f89ccba676
Courtney,Ebert,Courtney-Ebert,l0avvB6V2cSCBnl,734.650.6835,6220 Watsica Radial,Carlsbad,New York,Croatia,33030,4.499,96.9323,District Solutions Agent,397.00,66916acdc5d023f89ccba677
Emma,Schoen,Emma-Schoen,ipcc71lVnGa7Xb3,1-858-823-5130,58581 Hettinger Pike,Sunnyvale,Maryland,Albania,79744-8890,-53.2044,167.6974,Human Response Consultant,854.00,66916acdc5d023f89ccba678
Benjamin,Quigley,Benjamin-Quigley,fQWet_wRj_wpKS8,(760) 692-6036 x50138,296 Pagac Haven,Zacktown,Alabama,South Georgia and the South Sandwich Islands,24022,-67.9318,-136.8292,Chief Branding Agent,973.00,66916acdc5d023f89ccba679
Hermann,Hane,Hermann-Hane,dOhJT7U5bZ8h17h,225.487.6038,5565 Rhiannon Skyway,Port Katlyncester,Arkansas,Puerto Rico,95995-8300,2.6962,61.0489,Principal Configuration Manager,248.00,66916acdc5d023f89ccba67a
Lenora,Glover,Lenora-Glover,PpPz_wPCIOO7hhj,493-620-0940,3995 Heathcote Rapids,West Darrick,South Carolina,Singapore,96269-2157,-63.6244,-164.5322,Dynamic Applications Coordinator,354.00,66916acdc5d023f89ccba67b
Bessie,Mertz,Bessie-Mertz,Qhyv0EZoq0TyjJh,879.769.6297 x9396,5360 Tromp Fall,South Kamrynborough,Indiana,Palestine,79479-7030,43.8852,136.3729,Global Communications Associate,619.00,66916acdc5d023f89ccba67c
Electa,Jones,Electa-Jones,AsSyds7X62imv3h,1-896-793-0149 x98422,57339 Haleigh Street,Davis,New Hampshire,Syrian Arab Republic,74643,-12.9232,133.2061,Customer Factors Orchestrator,751.00,66916acdc5d023f89ccba67d
Jedidiah,Lockman,Jedidiah-Lockman,LducklMN5jxNQGL,1-330-552-9297 x1318,725 Kertzmann Trace,South Aliaside,Colorado,Guatemala,25658,73.6543,-12.4132,Senior Implementation Administrator,790.00,66916acdc5d023f89ccba67e
Emanuel,Rice,Emanuel-Rice,lmXaOBrG1iRcA54,418.818.6414,7062 Madilyn Cliff,Gladyscester,South Dakota,Austria,67762,20.371,101.6179,Direct Factors Architect,979.00,66916acdc5d023f89ccba67f
Skye,Fay,Skye-Fay,3O93ZJ9Fous2EqM,(209) 768-2592 x870,92595 Merle Lights,Lake Anastead,Washington,Sri Lanka,08869,32.5365,141.6726,Product Functionality Planner,827.00,66916acdc5d023f89ccba680
Mckenzie,Rutherford-Huels,Mckenzie-Rutherford-Huels,fjyeydpP2NmTC3J,(711) 340-0313 x005,9554 Barrows Way,Rileyberg,New York,Sri Lanka,48609,-13.9198,170.4985,National Research Producer,968.00,66916acdc5d023f89ccba681
Tate,Cruickshank,Tate-Cruickshank,vwJVhr7eKk4SpY1,(820) 502-9578,3336 Kris Bridge,Reillyland,Massachusetts,Holy See (Vatican City State),77102-5003,31.9162,-99.4597,Global Infrastructure Orchestrator,961.00,66916acdc5d023f89ccba682
Brendan,Volkman,Brendan-Volkman,05bH98jldFbzkdE,689.564.5254 x1085,362 Velda Lake,DeKalb,Maryland,Ethiopia,91537,53.2839,-178.5362,Legacy Applications Administrator,757.00,66916acdc5d023f89ccba683
Jadyn,Halvorson,Jadyn-Halvorson,T77fymrPItjiDn9,558.411.1570 x7567,2033 Dickens Square,Elbertcester,Washington,Belgium,72012,-19.1394,35.8955,Direct Assurance Representative,498.00,66916acdc5d023f89ccba684
Margaret,Reilly,Margaret-Reilly,M9wTHQwyqopxxwh,1-455-523-3950 x99315,30918 Heathcote Lakes,Port Rozella,Texas,Portugal,30643,78.0897,-13.9531,National Interactions Officer,163.00,66916acdc5d023f89ccba685
Cale,Lockman,Cale-Lockman,N3ZI3fEspXiFVgr,1-259-241-3703 x24928,2996 Cruickshank Green,Miramar,Oklahoma,Angola,34594,-36.1852,-66.0378,Direct Web Consultant,343.00,66916acdc5d023f89ccba686
Liliane,Lubowitz,Liliane-Lubowitz,86Nr8VplwwbGete,(817) 971-3350 x67083,226 Arielle Ridges,Des Plaines,Oklahoma,Mali,69835,70.4049,-148.6858,Future Functionality Planner,804.00,66916acdc5d023f89ccba687
Cicero,Feest,Cicero-Feest,I0ZadMPCsFMPm51,339-925-3402 x984,41347 Everette Green,East Imaniboro,Iowa,Andorra,26986,-74.0127,87.0109,Investor Tactics Architect,13.00,66916acdc5d023f89ccba688
Brooklyn,Treutel,Brooklyn-Treutel,9wEmN77JCCUBfvG,(961) 679-5685,57931 Demarco Fork,Lake Deemouth,Kentucky,Andorra,56380-4079,-63.5035,176.7907,Chief Branding Representative,233.00,66916acdc5d023f89ccba689
Ashtyn,Hermiston,Ashtyn-Hermiston,NG5o8LH5yp2IwbI,316.603.8402 x19815,6026 Lemke Island,Amirshire,South Carolina,Panama,94192,-53.4366,-23.879,Central Markets Strategist,330.00,66916acdc5d023f89ccba68a
Nicholas,Vandervort,Nicholas-Vandervort,SUu0MeneueLNEqs,(959) 267-1610 x1092,17040 Ruecker Locks,West Briana,New Jersey,Saudi Arabia,81874-8192,-4.6298,-168.047,Dynamic Applications Agent,522.00,66916acdc5d023f89ccba68b
Hailie,Erdman,Hailie-Erdman,idyhMwI1yqbza5T,1-572-382-0570 x0957,584 Hand Ferry,North Otilia,New Hampshire,Yemen,02215-1757,-9.4134,-120.9988,Regional Integration Coordinator,79.00,66916acdc5d023f89ccba68c
Millie,Buckridge,Millie-Buckridge,C5EUMZoYGqsYidU,(257) 808-0842,729 Marcus Knolls,St. Paul,West Virginia,Wallis and Futuna,10735-2325,62.2901,0.9223,Human Division Administrator,538.00,66916acdc5d023f89ccba68d
Eliane,Thiel,Eliane-Thiel,Fa3pvuFi1BjHVMI,237-456-3990 x39753,8954 Lehner Pines,Orlando,West Virginia,Eritrea,33612-7611,-17.1848,-3.0206,Lead Markets Facilitator,708.00,66916acdc5d023f89ccba68e
Cade,Breitenberg,Cade-Breitenberg,dnwNhlftbdAvMp5,1-530-690-7030 x1918,4873 Mabelle Forks,West Verdieboro,New Jersey,Albania,37239,-47.9982,159.7734,Human Solutions Specialist,824.00,66916acdc5d023f89ccba68f
Shannon,Nikolaus,Shannon-Nikolaus,UD9mL1HXJO4OemS,262-700-8816 x9555,850 Brekke Forge,Mitchellchester,Ohio,Turkmenistan,30058-3701,-42.1633,68.5856,Customer Assurance Supervisor,973.00,66916acdc5d023f89ccba690
Pearlie,Gerhold,Pearlie-Gerhold,kk1YZISMdUbcuoB,(324) 341-1164,9848 Leonardo Fork,New Vida,Vermont,Belize,32407-8445,-12.3235,147.875,International Factors Developer,855.00,66916acdc5d023f89ccba691
Dorothy,Runolfsdottir-Legros,Dorothy-Runolfsdottir-Legros,FTJI0iGSpstfW6s,564-853-0686 x226,49876 Nola Light,Port Carlostown,Arkansas,Norfolk Island,81879-2068,-47.1007,81.4564,Legacy Solutions Associate,396.00,66916acdc5d023f89ccba692
Kyleigh,Windler,Kyleigh-Windler,14Qa_UtJ3krJtCp,713.769.7777 x72091,6203 Emmerich Landing,West Dariusland,Vermont,Madagascar,95330,6.3331,-18.8081,Investor Response Director,237.00,66916acdc5d023f89ccba693
Bobby,Lueilwitz,Bobby-Lueilwitz,zrJl7HYhqEkBOPx,335-525-6023 x78868,2294 Murray Parkways,Hackensack,New Mexico,Tunisia,29083-9383,2.0543,-109.1967,Investor Accountability Architect,124.00,66916acdc5d023f89ccba694
Teresa,Armstrong,Teresa-Armstrong,E456aLQPscUeF8W,564-611-5737 x939,70814 Americo Rest,Cheektowaga,West Virginia,Haiti,24378-8679,-28.8977,141.6922,Lead Operations Manager,901.00,66916acdc5d023f89ccba695
Ida,Wisoky,Ida-Wisoky,j_QghzjLFanrI05,(699) 263-4778,57941 Damion Drives,Fort Louisa,Rhode Island,Cambodia,01004-6569,38.5971,98.6819,Future Identity Developer,518.00,66916acdc5d023f89ccba696
Gavin,Brown,Gavin-Brown,UPDUPg0qHLld4iv,(289) 693-9276,14699 Pouros Port,Skilesside,Rhode Island,Sierra Leone,83357-3380,-65.9365,37.8963,Global Functionality Consultant,530.00,66916acdc5d023f89ccba697
Johnny,Swift,Johnny-Swift,DunjuOBXXATz7C7,1-237-942-2931 x30980,206 Padberg Alley,South Marlinmouth,Mississippi,Saint Lucia,30333,79.3837,-42.492,Direct Identity Representative,409.00,66916acdc5d023f89ccba698
Alexandra,Welch,Alexandra-Welch,PNtLkB1EnpxKGu1,1-947-255-2495 x299,60267 Runolfsdottir Light,Coconut Creek,Montana,Serbia,05451-9541,-76.6857,-6.0231,District Accounts Supervisor,69.00,66916acdc5d023f89ccba699
Sigurd,Will,Sigurd-Will,PTrvM_qTrWQLYqe,715.271.1359 x47831,384 Bechtelar Parkways,North Sidney,Nebraska,Monaco,66918-4181,-40.8292,130.5559,Future Configuration Orchestrator,426.00,66916acdc5d023f89ccba69a
Darrion,Will,Darrion-Will,RBN9WYkw_RLRXnI,1-295-633-8230 x9850,257 Hailee Path,Arcadia,Maryland,Saudi Arabia,06360-6126,36.8529,-84.7492,National Factors Representative,345.00,66916acdc5d023f89ccba69b
Ursula,West,Ursula-West,Gi5iKFaxLksvMNT,226-213-8524 x4073,7153 Desiree Ferry,Port Brendon,Oklahoma,Belize,92199-6781,-64.2781,-23.0798,Product Metrics Agent,718.00,66916acdc5d023f89ccba69c
Audra,Harris,Audra-Harris,Lwg6iQFGwNwBwv8,608-368-5598 x928,7202 Hodkiewicz Loaf,East Sylviaboro,Arkansas,Fiji,92224-8185,5.3667,-26.4951,Principal Tactics Administrator,722.00,66916acdc5d023f89ccba69d
Daisha,Cremin,Daisha-Cremin,Fq1gmDkwj9nRD2J,(574) 436-3639 x91861,2173 Dietrich Avenue,West Ibrahim,South Dakota,Italy,24484,-37.1419,-100.7192,Product Creative Specialist,452.00,66916acdc5d023f89ccba69e
Audrey,Heller-Stoltenberg,Audrey-Heller-Stoltenberg,iLe3bkYWuzDa8gl,1-539-427-7264 x145,85424 Bechtelar Path,New Holly,Connecticut,Papua New Guinea,80776,-35.7645,84.4479,Investor Paradigm Liaison,428.00,66916acdc5d023f89ccba69f
Rickie,Funk,Rickie-Funk,CQtD7RJmrQobg63,540.930.3140 x4408,30496 Cynthia Rapid,Hilo,Missouri,Saint Barthelemy,39589-4459,20.5485,-154.9678,Legacy Accounts Assistant,275.00,66916acdc5d023f89ccba6a0
Daron,VonRueden,Daron-VonRueden,amBq9jQKPM4cFl6,373-208-5660 x027,1802 Erna Manors,South Isaiahland,Maryland,Hong Kong,65414,-8.0022,123.5099,Senior Creative Coordinator,333.00,66916acdc5d023f89ccba6a1
Dameon,Hagenes,Dameon-Hagenes,4h8gCwj9MeyzvKw,1-860-647-9809 x037,87203 Cummings Summit,Charleneview,Colorado,Guadeloupe,54761,-29.7045,85.1165,Senior Web Coordinator,556.00,66916acdc5d023f89ccba6a2
Elijah,Windler,Elijah-Windler,3dSF7aQFCaDyb3q,1-412-675-8981 x879,787 Breana Common,Lake Maegan,Florida,Guatemala,53584-2708,-52.789,-46.9758,Central Tactics Supervisor,756.00,66916acdc5d023f89ccba6a3
Rudolph,Sporer,Rudolph-Sporer,wnvtuM7QzKCAdHs,1-781-325-0611,55949 Madonna Junctions,West Garryfield,Illinois,Turkmenistan,30294,58.779,80.8097,District Configuration Associate,500.00,66916acdc5d023f89ccba6a4
Ludie,Rath,Ludie-Rath,7ya5xfqwI84F3IO,873-702-2332 x38864,3684 Gislason Run,Jersey City,Idaho,Albania,13140,-8.9827,47.5143,Human Creative Orchestrator,853.00,66916acdc5d023f89ccba6a5
Rodolfo,Jacobs,Rodolfo-Jacobs,EDhwGeOLFwEwMCi,(338) 946-8215 x148,6067 Peyton Islands,Port Savionfurt,California,Namibia,31644,-27.8639,-8.1321,Lead Division Supervisor,691.00,66916acdc5d023f89ccba6a6
Pedro,Cassin,Pedro-Cassin,76PkiAumV_maw1G,544.532.9241,4612 Dortha Lights,Galveston,North Carolina,Belize,03608,5.4956,16.2813,Global Tactics Officer,765.00,66916acdc5d023f89ccba6a7
Napoleon,Parisian,Napoleon-Parisian,rjFY6Lp7K4SL8JF,(342) 958-9256 x9186,480 McKenzie Prairie,Runolfssonmouth,Kentucky,Bangladesh,85912,78.2013,61.694,Central Paradigm Analyst,278.00,66916acdc5d023f89ccba6a8
Diana,Wilderman,Diana-Wilderman,scN48hMkL3bHwY1,(814) 322-2763 x88334,73361 Kaleb Lake,Port Georgianaborough,Arkansas,Seychelles,93089,52.0238,42.5922,Direct Accountability Producer,197.00,66916acdc5d023f89ccba6a9
Henriette,Conn,Henriette-Conn,Je2hqXpI1eel_Be,1-599-945-2725,177 Korbin Rapids,Lake Laurence,Hawaii,China,79636-5145,16.5097,101.0428,Product Factors Facilitator,186.00,66916acdc5d023f89ccba6aa
Trystan,Terry,Trystan-Terry,DH4D8dlRbS7A1ez,1-235-414-4026,119 Sporer Drive,Fort Victorbury,New York,Maldives,26789-5549,10.8799,-149.946,Future Interactions Consultant,942.00,66916acdc5d023f89ccba6ab
Gerry,Schaden,Gerry-Schaden,F3tllbj9XoGxsDu,(507) 213-9465 x3627,777 Georgiana Overpass,Rosenbaumworth,Idaho,Iran,71252-5479,0.2805,144.5985,Central Implementation Assistant,466.00,66916acdc5d023f89ccba6ac
Kendrick,Braun,Kendrick-Braun,BEJQLNmtaH6XlPx,(668) 982-6467 x40956,996 Stoltenberg Viaduct,West Ana,Nevada,Cambodia,32367-0512,-34.5317,141.2704,Investor Accounts Producer,288.00,66916acdc5d023f89ccba6ad
Abner,Pagac,Abner-Pagac,9efMx95A6pP4Sw7,405-669-8768,54856 Alverta Pass,Miami Gardens,Connecticut,Pakistan,64035,25.2215,-163.0192,Principal Configuration Designer,656.00,66916acdc5d023f89ccba6ae
Jerrell,Runolfsson,Jerrell-Runolfsson,1y5gS89EyJlGOwy,(670) 518-2773 x155,4568 Hammes Lock,Gardena,Montana,Russian Federation,54727-2209,-26.0746,-150.2114,Principal Security Engineer,54.00,66916acdc5d023f89ccba6af
Tanner,Gutmann,Tanner-Gutmann,yNZytEq7MPpMeEE,1-470-281-7688 x33479,937 Anahi Rue,South Jarrellstad,Hawaii,Taiwan,77545,-13.4203,95.1152,Senior Optimization Assistant,148.00,66916acdc5d023f89ccba6b0
Andy,Runolfsson,Andy-Runolfsson,UovOuBmx9S3AENC,1-587-741-8228 x379,10603 Cremin Glens,Fort Ednamouth,West Virginia,Bahamas,27379-5144,40.8302,101.7322,Customer Mobility Associate,74.00,66916acdc5d023f89ccba6b1
Leland,Dietrich,Leland-Dietrich,CGNj2Od98RRGq7x,927-203-4785 x879,29555 Donato Cove,Carrolltown,Arizona,Nauru,07344-4831,3.9077,72.4263,Global Interactions Technician,736.00,66916acdc5d023f89ccba6b2
Minerva,Mann,Minerva-Mann,qNVDjGLt6CBDfGG,(988) 937-2408 x128,580 Schuppe Place,San Bruno,South Dakota,Djibouti,85515,-46.4122,68.6117,Principal Tactics Agent,189.00,66916acdc5d023f89ccba6b3
Jeffry,Champlin,Jeffry-Champlin,EdR3EGfleq9p5vE,1-983-600-6304 x979,67522 Kirlin Estate,East Onie,Kansas,Bolivia,17457,-25.9315,44.9209,Corporate Creative Manager,163.00,66916acdc5d023f89ccba6b4
Verna,Schinner,Verna-Schinner,JvJEj1PML3WWdGK,1-740-223-9508 x10830,529 Murray Manors,East Camilatown,South Dakota,Democratic Republic of the Congo,68189,-87.8944,-49.9527,District Functionality Agent,129.00,66916acdc5d023f89ccba6b5
Gloria,Price,Gloria-Price,tK8af9ZUB9CzDfF,(567) 980-0741,4085 Abigayle Crossroad,Bowling Green,Rhode Island,Guam,61051-0189,59.6891,-102.0154,Investor Assurance Coordinator,487.00,66916acdc5d023f89ccba6b6
Ford,McGlynn,Ford-McGlynn,APruSugVTxtrIA2,(211) 984-4483 x61073,6184 Luz Stravenue,Smithberg,New Mexico,Qatar,30058-4367,8.2419,-75.7804,Investor Creative Architect,666.00,66916acdc5d023f89ccba6b7
Liam,Larson,Liam-Larson,bbl6gYDcJoQoJpe,1-282-794-3113,154 Homenick Brooks,Pawtucket,Arkansas,Cocos (Keeling) Islands,55434-8964,-53.9537,-135.1793,Investor Marketing Orchestrator,943.00,66916acdc5d023f89ccba6b8
Sylvia,Kirlin,Sylvia-Kirlin,gF8NE0Fn0tc_c4a,(728) 982-5968 x43098,30380 Arjun Forges,Port Shannacester,Vermont,Portugal,44310-7431,72.117,-141.9499,Global Configuration Coordinator,404.00,66916acdc5d023f89ccba6b9
Pattie,Waelchi,Pattie-Waelchi,w3JgxRdmBgCFcVi,(631) 663-1594 x6447,393 Myles Crossing,Franeckiworth,Nebraska,Isle of Man,01196,-66.3875,-156.5268,Human Optimization Administrator,111.00,66916acdc5d023f89ccba6ba
Emely,Funk,Emely-Funk,QzOE66uc1XE9Pn4,1-748-376-4393 x4640,614 Prosacco Isle,Toyton,Arkansas,Sri Lanka,30907,74.7887,-139.7599,District Mobility Coordinator,268.00,66916acdc5d023f89ccba6bb
Lila,Heaney,Lila-Heaney,K4OGq_dVzHUZApF,1-832-548-5139 x550,526 Dejuan Parks,South Revacester,Massachusetts,Indonesia,49455-1568,29.0676,-19.7505,Future Creative Agent,401.00,66916acdc5d023f89ccba6bc
Justus,Barton,Justus-Barton,uINUpQ8_mLjWshC,458.796.2380 x8814,31737 Curt Village,Marysville,California,Dominica,15118,15.1804,155.5023,Future Quality Facilitator,301.00,66916acdc5d023f89ccba6bd
Rebecca,Lynch,Rebecca-Lynch,WtFPaLvb7DFQeqA,357-957-3043,13899 Grady Plaza,Whiteside,Colorado,Trinidad and Tobago,14082,87.5963,89.5275,Regional Directives Strategist,500.00,66916acdc5d023f89ccba6be
Abraham,Heaney,Abraham-Heaney,LL01R1ohWkuP4j3,1-822-567-7996 x90209,9810 Loyal Ranch,Langoshville,Alaska,Tajikistan,83380-6615,6.4078,-94.9256,Principal Security Officer,261.00,66916acdc5d023f89ccba6bf
Oran,Grimes,Oran-Grimes,Yezu_6g9TBB1P77,(851) 935-0587,93981 Silas Knolls,Hilpertland,Arkansas,Cocos (Keeling) Islands,34288-6804,50.6869,75.1372,Chief Creative Liaison,556.00,66916acdc5d023f89ccba6c0
Deshaun,Morissette-Langworth,Deshaun-Morissette-Langworth,IYrAmPdn8Un_IBh,(361) 400-6855,607 Dane Lane,Tayaland,Ohio,Heard Island and McDonald Islands,17189,38.242,-63.3158,Corporate Configuration Supervisor,34.00,66916acdc5d023f89ccba6c1
Nellie,Bahringer,Nellie-Bahringer,F4b_j2OZielfRSh,(463) 451-0661 x12677,15937 Frami Pike,Robertsshire,South Dakota,Antarctica,58021,-34.1131,132.7362,Product Markets Director,875.00,66916acdc5d023f89ccba6c2
Vance,Larson,Vance-Larson,VjlZ2TSbuu_ZAdA,1-296-945-8523,756 Mills Club,South Rosalee,Tennessee,Tunisia,48155,-9.44,171.9155,Investor Optimization Coordinator,410.00,66916acdc5d023f89ccba6c3
Ocie,Anderson,Ocie-Anderson,TbHOtubEXJEu8ti,740.793.5929 x5381,429 Hanna Hills,West Melbaworth,Montana,Bhutan,35397-3831,-82.6351,-141.622,Legacy Optimization Orchestrator,389.00,66916acdc5d023f89ccba6c4
Queen,Herzog,Queen-Herzog,sA7gpTxS8LbYLHB,580-892-5349 x804,58463 Jast Rest,South Pinkboro,Nevada,Belarus,02087,-73.2769,-111.1031,Corporate Functionality Specialist,376.00,66916acdc5d023f89ccba6c5
Aliza,Schaefer,Aliza-Schaefer,EhojBUeuBEG38Ou,1-657-471-9656 x372,656 Sister Point,Kleincester,Minnesota,Qatar,66279,41.6163,140.8002,Investor Intranet Officer,88.00,66916acdc5d023f89ccba6c6
Paolo,Dooley,Paolo-Dooley,4tSroPgysGLuSL3,(879) 907-6706 x010,675 Stoltenberg Glens,Mozellport,Virginia,Monaco,04849,43.6842,-96.775,Central Interactions Administrator,570.00,66916acdc5d023f89ccba6c7
Consuelo,Conroy,Consuelo-Conroy,TPBpLh6Wv8dkP3I,(303) 822-9075 x740,26305 Senger Fork,Port Ezequielboro,North Dakota,Kazakhstan,22515,14.379,-155.4891,Dynamic Solutions Associate,143.00,66916acdc5d023f89ccba6c8
Dalton,Altenwerth,Dalton-Altenwerth,kaUNKzC20BiqgOS,1-243-934-7306 x0708,10371 Selena Terrace,East Shaniacester,Colorado,Palestine,39611,65.2619,-139.3496,Direct Accountability Representative,42.00,66916acdc5d023f89ccba6c9
Minerva,Conn,Minerva-Conn,VSGb3aPIWBfdJ3v,946-779-8170,859 Wolf Cliff,West Bettye,Idaho,Algeria,76731-5713,-62.6596,-95.727,Global Group Facilitator,374.00,66916acdc5d023f89ccba6ca
Alexzander,King,Alexzander-King,keTDovlZePn2TfM,752-990-2308,2098 Dejon Drives,Lake Jeffcester,Michigan,Antarctica,24370-7781,-11.8513,85.5405,Corporate Configuration Designer,214.00,66916acdc5d023f89ccba6cb
Ola,Swaniawski,Ola-Swaniawski,iWxBZPbxSlLjyZ1,(820) 565-7839 x8251,78465 Moen Summit,Mantetown,Illinois,Heard Island and McDonald Islands,60219-6423,-15.7799,56.0921,National Communications Agent,848.00,66916acdc5d023f89ccba6cc
Duane,Moore,Duane-Moore,kbRIrINg2nKtGOZ,757.698.2435 x403,179 Grady Overpass,Modestoworth,Georgia,Venezuela,44948,22.5866,177.7593,Investor Functionality Executive,222.00,66916acdc5d023f89ccba6cd
Julie,Beer,Julie-Beer,xfFaqW3vB_XJ34W,218-706-2864 x8407,95110 Cremin Passage,North Alfside,South Dakota,American Samoa,01667-7918,-17.405,23.1008,Product Tactics Planner,325.00,66916acdc5d023f89ccba6ce
Imogene,Gerlach,Imogene-Gerlach,5H6KRhrQiZeZE_r,(370) 982-2916 x9026,94484 Collier Trafficway,East Ella,Hawaii,Suriname,57866,-83.7436,-77.8179,Internal Solutions Coordinator,105.00,66916acdc5d023f89ccba6cf
Hellen,Heathcote,Hellen-Heathcote,Wzvx1ZDsMA0AwX2,964-484-3946 x754,8281 Opal Villages,Friesenboro,Wyoming,Guernsey,07347-2018,-73.7722,140.453,Direct Directives Coordinator,606.00,66916acdc5d023f89ccba6d0
Stephania,Harris-Funk,Stephania-Harris-Funk,oGpkYVDgjVLPoTi,1-367-231-0716 x821,34479 Bernhard Track,Loutown,Illinois,Marshall Islands,55527,-46.4382,6.0686,Internal Metrics Agent,78.00,66916acdc5d023f89ccba6d1
Melyna,Rau,Melyna-Rau,uTeOnkXtUfok8Ds,(684) 355-5566 x670,42738 Bernhard Expressway,Toms River,Massachusetts,Portugal,23234-7420,72.1911,-131.6837,Chief Accounts Supervisor,304.00,66916acdc5d023f89ccba6d2
Concepcion,Gerlach,Concepcion-Gerlach,gydyAEeOl4hyk7S,468-216-5303,95929 Germaine Parkways,Weberborough,Wyoming,Gambia,59155-6292,40.8242,-166.6016,Forward Metrics Representative,647.00,66916acdc5d023f89ccba6d3
Micaela,Trantow,Micaela-Trantow,iN57qDEE_l4l8p4,1-429-957-6564 x61514,20891 Prince Turnpike,Duluth,Tennessee,Jersey,53864,84.3642,-27.9646,Chief Mobility Analyst,275.00,66916acdc5d023f89ccba6d4
Zane,Yundt,Zane-Yundt,tLIAK38x3DDSkN2,(857) 208-5521 x98026,1677 Mikel Fields,East Rozella,Pennsylvania,Mauritania,46146,30.2551,111.2573,Legacy Usability Specialist,780.00,66916acdc5d023f89ccba6d5
Asia,Larkin,Asia-Larkin,7YfiEDKwdwmIvwI,(781) 485-0667 x920,41063 Hudson Islands,New Griffinhaven,Michigan,Taiwan,66290-3132,-11.224,-131.2274,Senior Creative Manager,272.00,66916acdc5d023f89ccba6d6
Karine,McCullough,Karine-McCullough,utNGiEA6BMWzxtC,1-320-949-9717 x3635,857 Schoen Ranch,Salina,Arizona,Slovenia,35107-6193,-67.689,-116.7492,National Paradigm Supervisor,61.00,66916acdc5d023f89ccba6d7
Daniela,Schroeder,Daniela-Schroeder,fUlYw_oG_zbRCv2,(685) 732-3932 x8318,532 McClure Cape,Emardville,Indiana,France,27214-9625,34.5302,-55.3107,Human Research Strategist,752.00,66916acdc5d023f89ccba6d8
Aida,Cronin,Aida-Cronin,6IK9JZU8SbTgvag,1-431-829-9721,7321 Antone Throughway,Stromanland,Pennsylvania,Turkey,03243,-87.9069,137.7499,Dynamic Security Developer,46.00,66916acdc5d023f89ccba6d9
Gardner,Bahringer,Gardner-Bahringer,VCejtskaDp4sqkb,(525) 999-3082 x4408,343 Shanahan Corners,Lake Forest,North Dakota,Cameroon,84525,3.1019,49.638,Lead Implementation Facilitator,6.00,66916acdc5d023f89ccba6da
Lessie,Ullrich,Lessie-Ullrich,jMG2MJDyagTdxeF,1-725-855-7104 x526,3947 Melyna Way,Port Harold,South Dakota,Albania,57550,-23.0121,135.9648,Dynamic Assurance Liaison,604.00,66916acdc5d023f89ccba6db
Cade,Heaney-Wyman,Cade-Heaney-Wyman,v_KQ6NMRD7uic1S,(818) 950-2987 x729,4520 Nestor Circle,Donatoview,North Dakota,Guinea,79202,44.8569,96.0864,Lead Paradigm Administrator,931.00,66916acdc5d023f89ccba6dc
Mona,Durgan,Mona-Durgan,ypgoRw0MUmym8LW,1-272-397-9153,8330 Kuhn Extensions,Lake Dallas,Florida,Jersey,16685-5057,-83.6423,-29.8142,Internal Group Associate,814.00,66916acdc5d023f89ccba6dd
Kaitlin,Runolfsdottir,Kaitlin-Runolfsdottir,hy3TMbZMgWNeUZv,(317) 296-1222,223 Flavio Throughway,Lake Hassan,Maine,Yemen,70777,-52.512,114.5338,Forward Branding Facilitator,148.00,66916acdc5d023f89ccba6de
Pansy,Goodwin,Pansy-Goodwin,X0WqdCXTuKaX55A,1-477-765-4912,78979 Tyra Wall,Altenwerthtown,New Jersey,Colombia,64591-1286,-73.0144,-171.3298,Chief Data Administrator,654.00,66916acdc5d023f89ccba6df
Izaiah,Turcotte,Izaiah-Turcotte,1dY116eACg33814,249.877.1218 x0517,619 Strosin Tunnel,Provo,North Dakota,Central African Republic,99482,55.1631,-96.9704,Chief Tactics Engineer,143.00,66916acdc5d023f89ccba6e0
Jairo,Hilpert,Jairo-Hilpert,PCJh7x1e53YlWjg,(705) 484-1842 x8751,74256 Linda Burg,Springfield,Arkansas,Kiribati,38191,-34.7442,67.602,Forward Applications Manager,181.00,66916acdc5d023f89ccba6e1
Seamus,Marquardt,Seamus-Marquardt,s6doetzfysIckQO,(557) 378-7665 x080,8400 Fadel Wall,Goldnerstead,Nebraska,Martinique,58774,40.8081,52.0712,Corporate Marketing Developer,356.00,66916acdc5d023f89ccba6e2
Sienna,Fahey,Sienna-Fahey,ICDH22ylnJ7xd5g,360-796-6191 x44452,24475 Elizabeth Courts,Herzogworth,Oklahoma,Anguilla,79727-0160,53.4899,-166.8132,Lead Markets Analyst,709.00,66916acdc5d023f89ccba6e3
Justina,Altenwerth,Justina-Altenwerth,rtLdnVxGyQeUlF9,(710) 493-8762,1419 Hane Crescent,New Jaquan,Texas,Ecuador,70592,-16.8058,-141.7145,Investor Web Manager,303.00,66916acdc5d023f89ccba6e4
Adela,Nader,Adela-Nader,X4ao1i2Fu5Jbiy2,(239) 934-5641 x366,772 Huels Bridge,New Citlalliborough,Montana,Canada,21174,42.3723,-169.9025,Dynamic Usability Director,406.00,66916acdc5d023f89ccba6e5
Hunter,Cassin,Hunter-Cassin,iA0R_JMKXyS_CaL,1-474-354-7481 x70032,4595 Isaiah Centers,D'Amoreboro,Maryland,Martinique,26327,-6.1368,-18.0572,Investor Security Engineer,936.00,66916acdc5d023f89ccba6e6
Clifton,Stanton,Clifton-Stanton,rpI94jG2cVf6S9F,(482) 532-9583 x3586,4808 Garett Camp,North Kingworth,Illinois,Christmas Island,65363,60.024,106.3327,Customer Web Specialist,996.00,66916acdc5d023f89ccba6e7
Aliya,Ritchie,Aliya-Ritchie,bt8yI2WiuK4VY5N,695-304-2857 x94890,5054 Kunze Grove,Myrtisville,West Virginia,Syrian Arab Republic,75070,61.8113,2.8663,Legacy Usability Director,905.00,66916acdc5d023f89ccba6e8
Crawford,Turner,Crawford-Turner,MQC_Jj7hFOQaHOy,714-523-0767 x356,55861 Lakin Summit,Smithstead,Arizona,Tuvalu,22297-7572,-29.7799,148.0208,District Research Supervisor,641.00,66916acdc5d023f89ccba6e9
Gennaro,Barton,Gennaro-Barton,vNr3rkacRUusfqL,646-984-7482 x25403,1989 Dooley Curve,Philadelphia,Tennessee,Iceland,74863,68.8827,78.4825,Forward Communications Agent,101.00,66916acdc5d023f89ccba6ea
Reyna,Huel,Reyna-Huel,39XlOSCS609iVPV,1-885-605-0340 x17951,8362 Beier Village,La Crosse,New Jersey,Haiti,17788,20.6678,-171.1545,Global Group Orchestrator,935.00,66916acdc5d023f89ccba6eb
Alysson,Balistreri,Alysson-Balistreri,0Dvgcoz_Pa6vJxf,776.743.6816 x34848,7227 Rory Ridge,Fort Jaydenhaven,Florida,Palau,46892,53.1016,137.0702,National Research Consultant,884.00,66916acdc5d023f89ccba6ec
Clay,Koss,Clay-Koss,AJT1kpEjDWpn5cC,(525) 557-1350 x907,41702 Doyle Union,Kaliborough,New Mexico,Cook Islands,14027-5021,2.1576,-63.0813,Corporate Operations Developer,380.00,66916acdc5d023f89ccba6ed
Parker,Streich-Douglas,Parker-Streich-Douglas,UboR4nz5JkhDQfn,(821) 985-2655,55252 Hellen Ports,Mayerberg,Georgia,Turkey,16434,-15.029,154.8579,International Tactics Architect,286.00,66916acdc5d023f89ccba6ee
Napoleon,Crist,Napoleon-Crist,kNpoSdhk4TM6i1c,825-940-8881,90683 Kendrick Row,East Nigel,Arkansas,Marshall Islands,11336,-59.0824,-120.325,Corporate Tactics Assistant,909.00,66916acdc5d023f89ccba6ef
Pamela,Mills,Pamela-Mills,fuOaf9c9qeG2RdE,1-595-623-0482 x518,5468 Elmira Wells,Lake Maudtown,Maryland,Guinea-Bissau,05454,9.4289,-29.8016,Principal Solutions Associate,692.00,66916acdc5d023f89ccba6f0
Amy,Jacobson,Amy-Jacobson,nFBGCC3uHTKvSuE,388.600.3544,21993 Brekke Estates,Jacobistead,Illinois,Canada,51377,-83.6305,167.2008,Central Applications Administrator,261.00,66916acdc5d023f89ccba6f1
Berry,Borer,Berry-Borer,Y4aa68J6ofy7swt,586-210-0485 x54760,24978 Abagail Terrace,North Mossie,New Mexico,Cayman Islands,94833-7742,-81.1208,118.7391,Dynamic Accounts Executive,171.00,66916acdc5d023f89ccba6f2
Golden,Hintz,Golden-Hintz,28zJS5SVhvotAdo,1-681-915-6570 x3479,42601 Langworth Manor,Citrus Heights,Idaho,France,49318,-77.8278,15.2816,Senior Directives Liaison,176.00,66916acdc5d023f89ccba6f3
Malvina,Smitham,Malvina-Smitham,q9_8nW8TWKtfju2,413-248-2751 x92186,322 Julie Light,Greysonstad,Nevada,Bahamas,22622,69.0816,25.7643,Central Infrastructure Manager,204.00,66916acdc5d023f89ccba6f4
Russell,Nikolaus,Russell-Nikolaus,sLE15w6tC_cXrQU,1-468-928-2113,499 Zane Terrace,Canton,Hawaii,Montenegro,48322-2605,23.3146,100.0796,Direct Identity Supervisor,642.00,66916acdc5d023f89ccba6f5
Ayla,Gulgowski,Ayla-Gulgowski,ZtfcB7sHXTD54u7,597.205.1518 x1040,836 Tristin Ways,North Zenaville,Michigan,Czechia,94838,-71.8546,-106.6363,Direct Data Liaison,429.00,66916acdc5d023f89ccba6f6
Hilma,West,Hilma-West,2efjNv9Qdjnarbq,1-528-724-1231 x47889,65019 Luettgen Harbors,North Aracely,North Carolina,Belgium,53063-2032,-25.1156,-156.9885,Senior Functionality Director,235.00,66916acdc5d023f89ccba6f7
Josianne,Goldner,Josianne-Goldner,gWKNexGc_ac4kqZ,642-309-2029 x9247,7873 Elvis Rue,North Kelsie,Pennsylvania,Isle of Man,07210-6273,68.4567,131.9977,Regional Communications Architect,638.00,66916acdc5d023f89ccba6f8
Donnell,Durgan,Donnell-Durgan,nrn1Oo_IHCdKZl6,(515) 405-8405 x8028,1888 Lizzie Course,Palo Alto,Nevada,Jamaica,00480-4407,32.1361,-39.5953,Dynamic Accounts Facilitator,399.00,66916acdc5d023f89ccba6f9
Rogers,Langworth-Homenick,Rogers-Langworth-Homenick,581AW8Z_Nak_49e,952-699-6740 x255,6047 Rodriguez Spurs,Fort Devante,California,Japan,04244,39.372,-13.3794,Product Quality Executive,797.00,66916acdc5d023f89ccba6fa
Durward,Bechtelar,Durward-Bechtelar,OKNpM6eV1MEhdpq,(712) 291-9473 x9010,4813 Karina Mountains,Heaneyland,Hawaii,Falkland Islands (Malvinas),85352-0856,28.3144,35.2361,Chief Accounts Officer,621.00,66916acdc5d023f89ccba6fb
Ricardo,Wisozk,Ricardo-Wisozk,_EmbC6ZfQlJIY7e,(943) 760-9619,2609 Glover Freeway,East Mikaylaborough,Mississippi,Faroe Islands,65432-0506,43.5705,158.9233,Central Brand Architect,887.00,66916acdc5d023f89ccba6fc
Theodore,Fahey,Theodore-Fahey,XcNfPXIdYa8UQFH,1-886-725-7708 x07698,645 Effertz Greens,Rogahnchester,Kentucky,Moldova,98732,-88.9292,-99.8736,Legacy Brand Orchestrator,570.00,66916acdc5d023f89ccba6fd
Korbin,Stamm,Korbin-Stamm,IwtTKpTJkCN4Ymz,(858) 404-3113 x181,382 Travis Mall,Denesikshire,Washington,Kiribati,26866-7181,-28.3945,-171.6226,Future Markets Technician,592.00,66916acdc5d023f89ccba6fe
Ted,Walsh,Ted-Walsh,h7asml8uxD5Lrdn,481.336.1871 x5021,87839 Manuel Hills,North Laishabury,Tennessee,Samoa,19848,-39.2985,172.3657,Regional Brand Planner,404.00,66916acdc5d023f89ccba6ff
Kayli,Rolfson,Kayli-Rolfson,ztmqbFaJIAQxpn1,381-289-2683 x71276,6624 Fay Glen,Lake Bridiefurt,Wyoming,India,90352,32.2161,152.4098,Corporate Marketing Assistant,779.00,66916acdc5d023f89ccba700
Jeremy,Murray,Jeremy-Murray,r3fhgu_ab7_pMui,(301) 691-1800,813 Elinor Walk,Manhattan,Kentucky,Monaco,42621-2096,-50.9013,-21.6334,Regional Accountability Director,945.00,66916acdc5d023f89ccba701
Terrill,Herman,Terrill-Herman,uGyeunJFJ0gdLKF,1-833-535-6514 x2782,4965 Mekhi Hollow,Kraighaven,West Virginia,Israel,55515-6095,-72.0126,-171.9728,Future Solutions Consultant,343.00,66916acdc5d023f89ccba702
Ettie,Price,Ettie-Price,5rf2xnNgyMoN3js,895-221-5809 x139,631 O'Connell Glens,New Barry,New Hampshire,Republic of Korea,73622,80.1334,-90.2266,Internal Assurance Executive,485.00,66916acdc5d023f89ccba703
Hipolito,Kshlerin,Hipolito-Kshlerin,2SSBf3JkVzO_1xO,343-214-4002 x7327,8622 Okuneva Mount,Mosheton,Mississippi,Malta,93062-6720,-77.2923,10.3904,Future Program Architect,722.00,66916acdc5d023f89ccba704
Paula,Witting,Paula-Witting,HsFbzzkL_wu16fC,1-870-929-1691 x4092,4373 Laverne Island,South Candida,Pennsylvania,Malawi,34260-3312,7.123,118.7891,Principal Paradigm Manager,540.00,66916acdc5d023f89ccba705
Rowena,Jaskolski,Rowena-Jaskolski,ZtTc9NNEPNFiTlF,384-382-6025 x9171,3178 Walsh Haven,New Al,New Jersey,Eritrea,35075,75.1653,134.3187,Legacy Creative Officer,454.00,66916acdc5d023f89ccba706
Courtney,Conroy,Courtney-Conroy,g3b_EDFDDfd54Ch,(552) 571-3119,83927 King Summit,Bernierburgh,Wisconsin,Palau,84786-6596,-79.4505,52.8556,Product Optimization Coordinator,718.00,66916acdc5d023f89ccba707
Audra,Pouros-Shanahan,Audra-Pouros-Shanahan,mDj_ddouyYZzfIj,(799) 538-2108 x64255,7667 Gutmann Gateway,Audreychester,Kentucky,Guadeloupe,61155,78.4114,42.2272,Senior Functionality Producer,458.00,66916acdc5d023f89ccba708
Shaylee,Nikolaus,Shaylee-Nikolaus,mQx17MJ0EVQRdqh,200-299-0676 x82596,314 Bins Views,Lake Gladycetown,Kentucky,Turks and Caicos Islands,20245-2258,-85.3298,46.8985,Regional Division Analyst,446.00,66916acdc5d023f89ccba709
Golda,King,Golda-King,_qCAP1hmWj5yPFK,214.725.5212 x612,8682 Prohaska Lake,VonRuedenstad,Alabama,Comoros,63387-1110,-89.2894,-123.4475,Legacy Web Representative,225.00,66916acdc5d023f89ccba70a
Brody,Goodwin,Brody-Goodwin,610KV1a91rgxqIY,423-827-8753 x4332,44411 Schimmel Hill,Ann Arbor,Michigan,Indonesia,17335-9213,-59.4079,-36.6113,District Markets Planner,567.00,66916acdc5d023f89ccba70b
Clotilde,Stracke,Clotilde-Stracke,NCLfTylfH0jVbjt,1-871-620-5417 x2456,9303 Andre Well,Sadyeville,Arkansas,Panama,09085,-73.6344,-132.5875,Legacy Applications Technician,361.00,66916acdc5d023f89ccba70c
Kieran,Lind,Kieran-Lind,xovX9KqOQunZW5J,1-699-807-7019 x21247,142 Conn Well,New Deonbury,Maryland,Norfolk Island,89151-8900,-43.4659,79.5407,Principal Implementation Specialist,34.00,66916acdc5d023f89ccba70d
Elliott,Roberts,Elliott-Roberts,hLVjCHn4i6s_0_c,(837) 562-3580 x97770,3347 Golden Landing,Pittsburg,Massachusetts,Guatemala,57323-9268,-73.6371,-47.4791,District Marketing Officer,403.00,66916acdc5d023f89ccba70e
Otha,Stanton,Otha-Stanton,dweWFoIF1DZVSE8,604.843.4869 x90681,268 Jackson Parkway,New Javier,Illinois,Egypt,02474-9674,33.9363,34.4135,Dynamic Response Architect,319.00,66916acdc5d023f89ccba70f
Amina,Mayert,Amina-Mayert,C3cEHeV93qffkiI,(525) 213-9853,96182 Burley Brook,Ziemannberg,Indiana,Botswana,00521,6.2848,76.897,Forward Branding Consultant,972.00,66916acdc5d023f89ccba710
Reginald,Murray,Reginald-Murray,ZFvdGT2lHQ8Ki7C,684-655-1629 x70056,33287 Ilene Square,West Cletachester,Nebraska,Malta,45215,-14.6536,-67.1633,Lead Usability Strategist,254.00,66916acdc5d023f89ccba711
Kendrick,Torphy,Kendrick-Torphy,OmLixEq99pvyJ5e,(918) 828-1138 x972,574 Spinka Canyon,North Eltaberg,West Virginia,New Zealand,08657,-9.792,106.6235,Regional Research Consultant,923.00,66916acdc5d023f89ccba712
Alexzander,Davis,Alexzander-Davis,Yb5eRJg2XehDObN,(734) 324-9175,126 Luettgen Burgs,Port Thomas,Colorado,Antigua and Barbuda,50942-3935,-64.2198,-98.3594,Corporate Functionality Supervisor,188.00,66916acdc5d023f89ccba713
Courtney,Haag,Courtney-Haag,it2MtBqFvU8CVys,1-852-456-4410 x524,1058 Mike Dale,North Coy,Delaware,Dominican Republic,57873,78.0298,-6.1311,Forward Security Architect,731.00,66916acdc5d023f89ccba714
Lizzie,Kutch,Lizzie-Kutch,F6lbXWwjT4dgs3B,(202) 327-8488 x316,319 Macejkovic Fords,West Kolby,Alaska,Congo,51535,12.9012,-118.9582,National Functionality Analyst,544.00,66916acdc5d023f89ccba715
Stanton,Gleason,Stanton-Gleason,mEj3PEHpotxvGgZ,502-233-1438 x2423,405 Iva Plain,South Tremainemouth,Iowa,Reunion,70801,-68.5251,142.9293,Global Security Producer,984.00,66916acdc5d023f89ccba716
Eugene,Terry,Eugene-Terry,pDX_vh7q8jlSdZ1,1-764-946-3889 x52239,94703 Bailey River,West Esta,Massachusetts,Mayotte,28779,32.959,-157.5744,National Program Facilitator,530.00,66916acdc5d023f89ccba717
Geoffrey,Schoen,Geoffrey-Schoen,sDCK_DEfCvbgDqf,(735) 777-0054 x05504,350 Tate Stream,Hoppetown,North Dakota,Denmark,31071-8437,-32.1799,118.9611,Investor Tactics Coordinator,692.00,66916acdc5d023f89ccba718
Brenna,O'Connell,Brenna-O'Connell,HqA3fDNspCM1HGm,730-733-3995 x37560,6560 Sam Streets,New Reystad,Florida,Tonga,61303-0395,-54.0768,94.9191,Investor Branding Facilitator,326.00,66916acdc5d023f89ccba719
Thalia,Pollich,Thalia-Pollich,StQ5v7kfPCvCUTE,(286) 864-7973 x89314,30713 Hunter Stream,Lexington-Fayette,Rhode Island,Dominica,23436,-89.0544,-178.8591,Investor Branding Assistant,209.00,66916acdc5d023f89ccba71a
Selena,Bergnaum,Selena-Bergnaum,qnoinRm7wcdfirz,1-771-485-3391,636 Hammes Lake,West Chaim,Indiana,Somalia,44676,25.5192,143.5338,Global Factors Strategist,246.00,66916acdc5d023f89ccba71b
Desiree,Orn,Desiree-Orn,v0kMwxft07T5VTa,555.282.7298 x8514,409 Kenneth Crescent,Cicero,Oklahoma,Malaysia,08536,-5.6447,15.0632,Principal Quality Specialist,220.00,66916acdc5d023f89ccba71c
Beryl,Herzog,Beryl-Herzog,46PY8I59dV4aTmz,(516) 472-9768 x0594,9662 Rau Spring,Rosemarieberg,Hawaii,Palau,40983,83.3194,106.881,Investor Tactics Agent,430.00,66916acdc5d023f89ccba71d
Trent,Stamm,Trent-Stamm,brHJLMat7Now_Xx,(846) 647-3433 x0646,734 Ebert Overpass,Connellymouth,Rhode Island,Algeria,64311-8586,84.009,122.2209,Global Assurance Planner,732.00,66916acdc5d023f89ccba71e
Sophie,Hills,Sophie-Hills,bgG1U7_FoKtqP2J,(889) 430-6479 x96603,72010 Zieme Flat,Lake Phoebe,Colorado,Cuba,37182-0325,67.4713,149.5516,Product Group Strategist,160.00,66916acdc5d023f89ccba71f
Napoleon,Parisian,Napoleon-Parisian,1RPuC6xASl8MTXd,401.300.0279 x9157,2041 McLaughlin Manor,Madison,North Carolina,Democratic Republic of the Congo,14157,22.3259,-94.8501,Corporate Integration Technician,251.00,66916acdc5d023f89ccba720
Breanna,O'Conner,Breanna-O'Conner,adzRLZ7Shv_gWmH,(234) 849-4372 x209,986 Jesus Mall,Lake Dockmouth,Texas,Luxembourg,72072,-20.9651,-13.5796,National Communications Analyst,559.00,66916acdc5d023f89ccba721
Llewellyn,D'Amore,Llewellyn-D'Amore,t_Bc_TfzDPz8esY,1-677-545-4852 x31680,576 King Causeway,West Peytonfurt,Arizona,Aruba,30374,12.9764,-38.1513,Forward Infrastructure Agent,346.00,66916acdc5d023f89ccba722
Noemi,Nikolaus,Noemi-Nikolaus,oKLXrgixkpNu6Jm,385-622-0544 x916,54184 Hortense Corners,Lebsackfield,Alaska,Mexico,82106-8649,13.4335,8.325,Global Operations Supervisor,777.00,66916acdc5d023f89ccba723
Lance,Walker,Lance-Walker,w4FcEe6Ts18bFE9,(732) 836-6675 x31118,66088 Beatrice Center,Scranton,Delaware,Saint Lucia,23552,74.7898,-112.534,Forward Paradigm Agent,5.00,66916acdc5d023f89ccba724
Julie,Rodriguez,Julie-Rodriguez,atANsqu2pp5CUEa,296.601.7069,68022 Wendell Viaduct,Florissant,Wyoming,Nepal,55639,67.6224,-62.3031,Investor Tactics Supervisor,629.00,66916acdc5d023f89ccba725
Matilde,Schmidt,Matilde-Schmidt,AjlymbMyNbOrP2q,390-486-6437 x656,364 Ubaldo Passage,North Mckennabury,Kentucky,Mauritania,49513,-38.6573,-11.776,Corporate Optimization Manager,83.00,66916acdc5d023f89ccba726
Cameron,Ledner,Cameron-Ledner,zIH5G9LpL40wWzd,1-283-486-4837 x43634,811 Troy Points,West Emmanuelle,Colorado,Gambia,06682,12.5649,131.7806,Human Solutions Assistant,287.00,66916acdc5d023f89ccba727
Ruth,Satterfield,Ruth-Satterfield,gKKpEJQ3zeZp5i1,1-453-222-6292,38123 Eula Circles,Lake Manuelatown,Louisiana,Gibraltar,08505,0.6836,-19.1359,Legacy Paradigm Director,641.00,66916acdc5d023f89ccba728
Ebony,Christiansen,Ebony-Christiansen,JRzixM9Duj5V4o7,484.214.9157 x45510,4815 Ignacio Crest,Corkerymouth,Vermont,Madagascar,38451-5166,-16.1856,-32.476,Regional Intranet Strategist,202.00,66916acdc5d023f89ccba729
Ettie,Ledner,Ettie-Ledner,V3UyhjfFJPGNkID,753.217.6966 x5782,48681 Turcotte Brooks,Lake Cathrine,Mississippi,Christmas Island,42255-1700,88.9618,-118.8638,Central Communications Developer,170.00,66916acdc5d023f89ccba72a
Damien,Farrell,Damien-Farrell,J03O9fenOPKc_2D,916-399-6294 x84380,9735 Skiles Creek,New Krisstad,Pennsylvania,Turks and Caicos Islands,88369,47.117,-95.3816,Principal Program Facilitator,607.00,66916acdc5d023f89ccba72b
Adriana,Breitenberg,Adriana-Breitenberg,PBZfBOu6H6xO_kE,(894) 409-0801 x29756,82326 Armstrong Crossing,Bridgetbury,Iowa,Uzbekistan,14859,-56.5843,85.546,Regional Directives Associate,523.00,66916acdc5d023f89ccba72c
Aimee,Cassin,Aimee-Cassin,UUVVhA0dWWQRE77,295.206.5523 x460,17728 Kelley Rue,Fort Kiarraberg,North Dakota,Myanmar,11171,-29.5086,-144.2428,Lead Tactics Administrator,160.00,66916acdc5d023f89ccba72d
Kallie,Towne,Kallie-Towne,zrGKp0JvKeIAgIJ,267-298-9314 x146,89748 Osborne Square,Santee,Arkansas,Cayman Islands,43154-6231,27.616,52.6661,International Infrastructure Developer,11.00,66916acdc5d023f89ccba72e
Abbey,Cremin,Abbey-Cremin,eizDGw0HDqEvqR_,823-858-3027 x369,701 Heloise Dale,Rauberg,Pennsylvania,Malaysia,30277,-73.8772,16.3328,Central Applications Producer,496.00,66916acdc5d023f89ccba72f
Jimmy,Ledner,Jimmy-Ledner,tk96GObGUvRwTXp,333-394-8884 x55462,825 West Rue,Brodyland,South Dakota,Sint Maarten,04109-4321,78.2419,69.7939,Investor Operations Technician,837.00,66916acdc5d023f89ccba730
Rogelio,Treutel,Rogelio-Treutel,fzmxyZoDZdUJbUR,1-535-495-0298 x708,7348 Dorothea Spurs,Coltenhaven,Mississippi,Dominica,79333,58.6235,-9.4954,Investor Marketing Manager,732.00,66916acdc5d023f89ccba731
Ila,Farrell,Ila-Farrell,oFcx200k_TUGwzW,368-594-0892 x043,79448 Senger Radial,Huntington Beach,Alaska,Georgia,95568,-23.6432,173.0468,Future Infrastructure Agent,35.00,66916acdc5d023f89ccba732
Delaney,Welch,Delaney-Welch,JzhTLSwdNBiow2W,903-728-4985 x1894,746 Velda Camp,Ewellborough,New Mexico,Morocco,68015,-37.0111,-49.3626,Internal Usability Consultant,337.00,66916acdc5d023f89ccba733
Fanny,Schoen,Fanny-Schoen,F2C4K9BkxjiY5_F,303.653.9093 x4953,61881 Theo Streets,Hartford,North Dakota,Tuvalu,23143,-63.6117,39.6084,Human Quality Specialist,9.00,66916acdc5d023f89ccba734
Sister,Runte,Sister-Runte,6TVDv8jGW5piDbj,1-239-521-0586 x355,52538 Feest Heights,Sandy,Illinois,Georgia,37462-5692,69.5868,77.4045,Regional Accounts Agent,169.00,66916acdc5d023f89ccba735
Jaylon,Jacobson,Jaylon-Jacobson,ezNuizYZ4n0rLla,649-552-8432,81425 Lionel Light,Commerce City,New York,Samoa,37075,-38.3117,63.1126,Internal Identity Specialist,729.00,66916acdc5d023f89ccba736
Wallace,Miller,Wallace-Miller,7MFEwO38DnKogak,724-436-9984,452 Hassan Curve,Port Patrickton,New Mexico,Rwanda,04610,86.5284,154.3879,District Division Agent,968.00,66916acdc5d023f89ccba737
Vicente,Shanahan,Vicente-Shanahan,cQF8XVB7sQckRlz,1-967-863-7591 x4467,505 Ricky Turnpike,Eribertoville,West Virginia,Zimbabwe,62976-1104,86.1373,-21.5708,Product Data Consultant,295.00,66916acdc5d023f89ccba738
Eldridge,Schaden,Eldridge-Schaden,HZOu3lveJChPhIX,462-397-6490 x790,847 Abernathy Lake,La Mesa,Florida,Saint Lucia,06868,-19.8032,122.8005,Direct Integration Associate,976.00,66916acdc5d023f89ccba739
Fermin,Hyatt,Fermin-Hyatt,Lq259SI1uTCqj43,502-618-3679,458 Schmidt Lodge,Kendale Lakes,Illinois,Philippines,89335,25.8565,-115.3298,Dynamic Solutions Director,754.00,66916acdc5d023f89ccba73a
Lelah,Gulgowski,Lelah-Gulgowski,15C7LAY8m2hMgq0,1-787-285-3579 x13919,9602 Hamill Junction,East Hadleyhaven,West Virginia,Spain,79355-5693,-42.8084,-145.9719,Corporate Integration Orchestrator,620.00,66916acdc5d023f89ccba73b
Terrell,Rowe,Terrell-Rowe,nIGZmUqJ6v_W9mX,302-202-0761 x2347,1247 Kim Station,Wittingtown,California,Tanzania,47402,-60.8029,-163.8838,Central Optimization Consultant,159.00,66916acdc5d023f89ccba73c
Asa,Shanahan-McClure,Asa-Shanahan-McClure,SDjTTb4uHMY7JCb,1-828-576-3546 x39918,89053 Herzog Throughway,Council Bluffs,Massachusetts,Gibraltar,20652-3121,-31.8144,34.2887,Product Data Planner,360.00,66916acdc5d023f89ccba73d
Dax,Leffler,Dax-Leffler,v_dP6HMnIStMuqT,403.503.6062,310 Riley Junction,Lake Cortez,Kansas,Micronesia,36589-2065,-53.0558,122.4758,National Identity Architect,363.00,66916acdc5d023f89ccba73e
Shemar,Wuckert,Shemar-Wuckert,VTYc725tqsYufF2,404.624.2228 x6312,102 Swaniawski Fort,Auburn,New Hampshire,Guatemala,84956,-16.4272,61.8917,International Accounts Engineer,770.00,66916acdc5d023f89ccba73f
Johnathan,Effertz,Johnathan-Effertz,XwNgb7X51visXpb,421-975-2479 x64675,151 Lyda Haven,Weberberg,Arkansas,Namibia,50511-2939,-18.5442,116.9813,Global Solutions Representative,105.00,66916acdc5d023f89ccba740
Jacky,Watsica,Jacky-Watsica,JgYVoSa9YaKdzPP,(675) 257-8657 x92957,2365 Bergstrom Fork,North Freeman,Kentucky,Afghanistan,55158-2754,-87.8603,-91.3365,Human Assurance Designer,519.00,66916acdc5d023f89ccba741
Imelda,Bergstrom,Imelda-Bergstrom,cdE0HsL3e0U48mh,905.849.4875 x905,490 Wuckert Fields,South Aniya,Washington,Gabon,00126-1567,37.0725,-11.0664,Customer Brand Strategist,136.00,66916acdc5d023f89ccba742
Anita,Fay,Anita-Fay,qL4EugW1Z7xAi0i,1-905-674-1810 x09244,57801 Christiansen Trace,Jamilberg,Oregon,Hong Kong,96588,24.9496,-80.6869,Corporate Accounts Representative,651.00,66916acdc5d023f89ccba743
Stephany,Leuschke,Stephany-Leuschke,4uGaEfpV9G4QPj8,456-470-8041 x20176,362 Sawayn Crossroad,Fort Deangelo,Wyoming,Kenya,56591-1655,13.3727,23.7689,Direct Infrastructure Facilitator,984.00,66916acdc5d023f89ccba744
Ella,Bogisich,Ella-Bogisich,_SM7VNm__uhmPCY,944.782.8839 x7540,736 Rath Parkways,South Wilmer,Connecticut,Faroe Islands,12892-9445,71.227,18.8248,Investor Factors Administrator,714.00,66916acdc5d023f89ccba745
Evert,Bailey,Evert-Bailey,B3CarsmiW8iUQhZ,(458) 620-7814,51957 Kihn Trail,West Mitchell,Kansas,Luxembourg,12036,-27.9806,-121.1304,Investor Research Director,504.00,66916acdc5d023f89ccba746
Carli,Nienow,Carli-Nienow,P7ok3fb1zvyiiuh,(515) 382-5407 x0709,82461 Kamron Park,Seanchester,Oklahoma,Russian Federation,06774,18.9893,-84.4388,Forward Communications Planner,121.00,66916acdc5d023f89ccba747
Myrl,O'Hara,Myrl-O'Hara,fXbUEUu58il4bM6,1-489-953-3994 x292,9801 Murazik Cliffs,Janeview,Michigan,Cook Islands,36512-9082,-0.0151,93.4734,Principal Paradigm Designer,421.00,66916acdc5d023f89ccba748
Oran,Bartell,Oran-Bartell,DfMIG6aiF31lwtP,(805) 337-0124,853 Daren Lakes,Andersontown,Tennessee,Tunisia,72008,-35.1203,-143.1848,Forward Mobility Facilitator,2.00,66916acdc5d023f89ccba749
Ocie,Batz,Ocie-Batz,q940XhsxXjB0N0u,704-294-2611,11859 Stamm Plain,Willmsborough,Texas,Myanmar,34115-9317,3.0309,23.3528,Principal Markets Representative,706.00,66916acdc5d023f89ccba74a
Cindy,Barrows,Cindy-Barrows,CtUvPtzSw96SmUD,442.950.3221 x3359,120 Carroll Crescent,Townehaven,Idaho,San Marino,42570-8286,-22.8139,-65.0343,District Accounts Consultant,43.00,66916acdc5d023f89ccba74b
Lula,Bergnaum,Lula-Bergnaum,qdtkzYVgucgOEso,(863) 367-7014 x77249,58531 Orion Trail,South Eda,Colorado,Grenada,60607-0878,81.1884,-55.0416,International Creative Technician,76.00,66916acdc5d023f89ccba74c
Annamae,Robel,Annamae-Robel,j07dmdTodleH2Xx,996.708.5267 x0169,60962 Robb Green,Lake Eudora,Florida,United States of America,94578,-49.835,72.1586,Senior Program Coordinator,186.00,66916acdc5d023f89ccba74d
Fatima,Considine,Fatima-Considine,XHGshQ51ujkSvuK,641.844.3110 x64742,59494 Yundt Hills,Port Adah,Massachusetts,Uruguay,17439,-71.2118,75.6684,Central Research Technician,912.00,66916acdc5d023f89ccba74e
Keith,Lakin,Keith-Lakin,ZB9pQCoGU2zwsVR,497.669.1896,668 Auer Springs,Maceyland,Kansas,Tajikistan,00856-1195,3.6338,67.1642,Internal Operations Supervisor,26.00,66916acdc5d023f89ccba74f
Bennie,Considine,Bennie-Considine,ysI5pY1lbD9zcjU,(960) 413-4176,350 Hayley Crossing,Lake Alfordhaven,Michigan,Saudi Arabia,49761,-12.8599,153.3382,Direct Tactics Planner,765.00,66916acdc5d023f89ccba750
Rodger,McDermott,Rodger-McDermott,tWtvX4XaOT4SZ6c,1-491-529-3630,437 Kris Avenue,Port Zetta,Wisconsin,Timor-Leste,09177,-31.2254,-16.6233,Principal Mobility Producer,288.00,66916acdc5d023f89ccba751
Maria,Parisian,Maria-Parisian,4Lsti_SoLiXP3M_,(978) 214-5511,528 Ollie Mills,Bonitabury,Kentucky,Lithuania,08347-6796,37.5747,127.3066,Human Markets Supervisor,493.00,66916acdc5d023f89ccba752
Americo,Moore,Americo-Moore,aH0sN8RVg5PkCoP,(420) 728-3702 x15593,7360 Kilback Rue,Rolandoton,New Hampshire,Sri Lanka,27885-0769,18.6688,-155.4688,International Marketing Engineer,304.00,66916acdc5d023f89ccba753
Kenya,Howell,Kenya-Howell,SexxuonXMNCeBdE,560-626-5989 x08886,452 Crooks Dam,Westminster,Alabama,Malawi,51372-3247,-49.8833,-42.5444,Human Communications Developer,393.00,66916acdc5d023f89ccba754
Dalton,Krajcik,Dalton-Krajcik,1W3SzgcTvvLwgX0,914-767-2082 x75116,5477 Buckridge Flats,Priceland,New Hampshire,Estonia,73115,-29.4704,-19.9066,Global Group Liaison,335.00,66916acdc5d023f89ccba755
Austyn,Feest,Austyn-Feest,oNWYR7TkCtn5wTe,(933) 414-8425,6303 Eliseo Place,Joesphboro,Hawaii,Ireland,28102,16.4087,-93.4551,Principal Web Technician,895.00,66916acdc5d023f89ccba756
Cassandre,Kohler,Cassandre-Kohler,DoiA6jcZvIpKh16,744-681-9949,61136 Luettgen Neck,Lake Dustinmouth,Maine,Costa Rica,64401-2944,-56.6452,-114.1614,Human Program Designer,340.00,66916acdc5d023f89ccba757
Brent,Nolan,Brent-Nolan,bHPIujqIjouC23B,1-892-795-3178 x919,53004 Wisozk Wall,Guschester,Delaware,Latvia,32009-4055,-46.06,-159.4926,National Tactics Orchestrator,608.00,66916acdc5d023f89ccba758
Delphia,Denesik,Delphia-Denesik,QfR_N1tYmFDQfEI,716.722.3619 x87669,31932 Vena Groves,Gracielaville,Georgia,Samoa,99075,28.4692,-49.4669,Global Web Designer,672.00,66916acdc5d023f89ccba759
Harmon,Thompson,Harmon-Thompson,9sxBv6wbjtkh7jq,660-696-6014 x16239,1191 Duncan Stream,Gottliebworth,Minnesota,Greenland,55613-8484,-2.5206,82.3791,Forward Intranet Orchestrator,563.00,66916acdc5d023f89ccba75a
Evert,Toy,Evert-Toy,ea5PIWQC9dxn8bh,1-894-349-8515 x869,99651 Denesik Mission,Sterling Heights,Nevada,Niger,28614-2854,30.2467,-164.2985,Central Mobility Director,820.00,66916acdc5d023f89ccba75b
Henry,Stanton,Henry-Stanton,cProp4ea3ZVoZbe,335.676.2392 x44662,62343 Mills Road,Evansview,Montana,Ukraine,10310-0353,-46.8037,-95.8053,International Data Representative,368.00,66916acdc5d023f89ccba75c
Jennie,Torp,Jennie-Torp,zFR4adSMfekT1KW,(722) 705-2486 x2509,8369 Grimes Estates,Port Orange,Nevada,Timor-Leste,83847-6035,19.6672,-152.2769,Direct Data Producer,643.00,66916acdc5d023f89ccba75d
Myah,Zboncak,Myah-Zboncak,V6NaCcMonRxd8I4,(484) 448-3959 x2009,93450 Reilly Run,Palatine,Massachusetts,Albania,34797,-69.2227,161.6308,Internal Group Planner,85.00,66916acdc5d023f89ccba75e
Serenity,Rolfson,Serenity-Rolfson,7pHhtLXmPMupv9l,1-850-939-0684 x204,9795 Kohler Fort,Croninfort,Oklahoma,American Samoa,01080-0757,7.5109,-122.6829,Principal Branding Agent,856.00,66916acdc5d023f89ccba75f
Garth,Boehm,Garth-Boehm,eq1AR0gT9RNVO3t,347-950-7136 x1071,717 Murazik Rest,Altoona,Montana,Australia,84545-3677,76.9533,-144.7497,Lead Implementation Manager,199.00,66916acdc5d023f89ccba760
Kody,Hartmann,Kody-Hartmann,nhjkRKsbewT2o8k,423-322-6664,5176 Hirthe Orchard,Lake Jeromy,Maine,Dominica,87639,35.9385,-107.5649,Global Research Facilitator,342.00,66916acdc5d023f89ccba761
Herman,Thompson,Herman-Thompson,6_aweNa5GyW1l4b,743-693-6961 x8677,9212 Wiegand Forks,Odellburgh,Kentucky,Bolivia,86777-9422,87.9287,-95.1449,Global Configuration Manager,285.00,66916acdc5d023f89ccba762
Hattie,Mann,Hattie-Mann,ApBuWbegYEscH_t,591-625-7872 x34188,55400 Ziemann View,Glendafield,Massachusetts,Togo,53114-7260,71.6936,-83.5204,International Interactions Executive,622.00,66916acdc5d023f89ccba763
Pedro,Sawayn,Pedro-Sawayn,MDabl2vWRY14Mf6,431.371.1412 x12367,8548 Edison Courts,South Alisonside,North Dakota,Saint Vincent and the Grenadines,02888,-7.8787,153.2232,Legacy Metrics Executive,808.00,66916acdc5d023f89ccba764
Jennings,Jerde,Jennings-Jerde,jDWpplmadsrQFMY,(926) 705-4641,532 Pagac Prairie,Verliechester,Delaware,South Sudan,84243,79.2218,137.4872,Senior Data Supervisor,967.00,66916acdc5d023f89ccba765
Gregg,Luettgen,Gregg-Luettgen,pxyM0LzWZJsbpmI,1-780-481-0285 x772,264 Hermiston Lodge,North Justenmouth,Minnesota,Solomon Islands,53539,-59.8016,38.5686,Investor Quality Developer,479.00,66916acdc5d023f89ccba766
Ronny,Runte,Ronny-Runte,nfyPeipTP9ickxY,488.906.4760 x58184,5095 Maureen Overpass,Kohlerfort,Pennsylvania,North Macedonia,52045,-52.4879,52.1538,Central Communications Coordinator,504.00,66916acdc5d023f89ccba767
Roslyn,Franey,Roslyn-Franey,0YV9BDQjQS6G2rt,1-779-426-5298,7933 Schowalter Way,Maxieberg,Michigan,Niger,38259,-16.9614,-52.3285,Central Security Producer,315.00,66916acdc5d023f89ccba768
Dane,Kohler,Dane-Kohler,LhXDJp7Pj5xZ5Ds,581-965-0154,5708 Waelchi Cliffs,North Lavada,Minnesota,Switzerland,42087-2985,14.0009,114.8638,Global Communications Technician,616.00,66916acdc5d023f89ccba769
Jake,Gulgowski,Jake-Gulgowski,actdVl7rXfHtbXL,201-793-5922 x61515,21007 Jensen Cliffs,Dorthyport,Maryland,San Marino,47241,-30.0933,-96.8903,Principal Accounts Engineer,785.00,66916acdc5d023f89ccba76a
Susie,Fisher,Susie-Fisher,bJA6YpaG75v_JbT,509-423-1346,7531 Quitzon Course,Pasco,New Jersey,Sao Tome and Principe,33871-1321,-30.3665,64.0233,Principal Assurance Agent,246.00,66916acdc5d023f89ccba76b
Jodie,King,Jodie-King,Ix_hR0Gb9nLbCdG,1-884-920-5522 x75978,670 Mathias Extension,Dawsonborough,Tennessee,Holy See (Vatican City State),34225-9201,48.9232,-56.254,Senior Applications Manager,431.00,66916acdc5d023f89ccba76c
Amber,Jaskolski,Amber-Jaskolski,CAX6yR4xP3Th4mw,485-830-3312,87175 Becker Shoals,Framifurt,New Jersey,Bulgaria,29078-7506,85.711,-3.9528,Corporate Metrics Associate,502.00,66916acdc5d023f89ccba76d
Wilma,McLaughlin,Wilma-McLaughlin,4CFPRoJWuph_9H8,(590) 890-0465 x295,182 Wehner Burg,Lonniefurt,Indiana,Azerbaijan,50461,-61.7267,126.0837,Customer Security Director,369.00,66916acdc5d023f89ccba76e
Gerda,Cremin,Gerda-Cremin,sgc52YnDIXripgY,1-379-626-3417 x26657,553 Kathleen Dam,North Wilber,Iowa,Niue,13407-2236,70.7258,-35.4419,Corporate Intranet Technician,750.00,66916acdc5d023f89ccba76f
Garry,Lehner-Price,Garry-Lehner-Price,5mDjb3hcTleQ3nA,260.601.8981 x901,1564 Beahan Highway,West Cordiaberg,Iowa,Canada,75516,85.9376,5.8642,Investor Communications Technician,680.00,66916acdc5d023f89ccba770
Anabelle,Ratke,Anabelle-Ratke,Nnj5n9cVbWbCeKY,(321) 771-3777,38810 Gleason Keys,Boyerborough,New Hampshire,Togo,26874-2749,45.5542,154.8681,Dynamic Web Developer,221.00,66916acdc5d023f89ccba771
Mazie,Kris,Mazie-Kris,mWEdwu2jnQOpx2V,(501) 395-0175 x88165,185 Nienow Club,Downers Grove,Idaho,Ghana,11679-5474,66.2581,-114.1018,International Implementation Executive,925.00,66916acdc5d023f89ccba772
Kaylee,Casper,Kaylee-Casper,iqDjR8jrueFQf5S,1-340-427-2007 x3715,533 Hoppe Loop,Pollichshire,Minnesota,Turkey,36923,-43.7103,53.1987,Central Accounts Designer,932.00,66916acdc5d023f89ccba773
Kendra,Hackett,Kendra-Hackett,T8CWM9j2Ym_7V2W,598-658-5186 x350,75376 Hane Expressway,Luettgenview,Maine,Indonesia,48177,-75.3393,78.3367,Senior Security Associate,374.00,66916acdc5d023f89ccba774
Ludie,Boyle,Ludie-Boyle,2FK7H8H0A53phiV,786.855.1835 x40406,332 Kailyn Turnpike,Swiftfield,Arizona,Burkina Faso,31409,50.7383,34.9462,Central Paradigm Administrator,826.00,66916acdc5d023f89ccba775
Emilie,Fay,Emilie-Fay,6THRnw0TAE45fxC,1-808-349-7022,1219 Wyman Courts,Port Katherineville,Vermont,Tonga,53732,-2.1719,126.9247,Investor Security Orchestrator,543.00,66916acdc5d023f89ccba776
Everardo,Conn,Everardo-Conn,d6sJzrIGd_7oSuL,1-401-293-2641 x04244,173 Sheldon Glen,Laurenceworth,Florida,Kenya,94777-9370,-29.8714,-1.5391,Future Accounts Agent,885.00,66916acdc5d023f89ccba777
Raymond,Von,Raymond-Von,4YLIIls3Rxei0lT,376.792.3502 x98168,5984 Hamill Terrace,South Darrenburgh,Colorado,Croatia,16716,-22.1537,-0.0518,Human Operations Analyst,421.00,66916acdc5d023f89ccba778
Jada,Aufderhar,Jada-Aufderhar,HKXM89idgHUBCOD,(591) 398-0029 x284,92214 Macey Mountain,Gorczanychester,Illinois,Saint Helena,13323,53.9051,-123.7816,Human Solutions Coordinator,872.00,66916acdc5d023f89ccba779
Grayson,Mueller,Grayson-Mueller,ZMR9wzb2sHsKndV,1-557-348-2385,382 Damion Highway,Fort Werner,Mississippi,Bosnia and Herzegovina,61913,67.298,-46.7594,Regional Solutions Planner,465.00,66916acdc5d023f89ccba77a
Alexandra,Lockman,Alexandra-Lockman,C0brLm9xaZ9yQqM,599-336-4355,6291 Larson Overpass,Crooksbury,Indiana,Liechtenstein,44712-5892,52.546,-48.1036,Customer Branding Planner,61.00,66916acdc5d023f89ccba77b
Edison,Schuppe,Edison-Schuppe,sfD0HNANtn4HRej,578-824-1269 x92869,843 Pfeffer Island,Antoniobury,Iowa,Isle of Man,76245,-87.7998,-53.3999,Forward Mobility Producer,899.00,66916acdc5d023f89ccba77c
Cecile,Wisoky,Cecile-Wisoky,bVqSFhm8bRpCRvW,548.610.0638 x89255,38038 Haley Mountain,Chino,Michigan,Mozambique,85829-3812,57.9744,108.8049,Central Paradigm Architect,203.00,66916acdc5d023f89ccba77d
Alivia,Padberg-Hammes,Alivia-Padberg-Hammes,U2wQY4kI7LC4_KY,805-865-0966 x37764,485 Lebsack River,Terryview,Louisiana,Bulgaria,88966-7388,76.7498,-116.543,Principal Assurance Administrator,795.00,66916acdc5d023f89ccba77e
Maia,Kling,Maia-Kling,JYEj3XinlMizcZX,766-580-2487,982 Cassin Meadow,Ortizmouth,West Virginia,Saint Lucia,38483-1264,-9.6478,-3.4607,Lead Configuration Supervisor,481.00,66916acdc5d023f89ccba77f
Nickolas,Mante,Nickolas-Mante,BBkB3qixkEd_bM2,(631) 608-0082,71279 Murray Viaduct,Lake Kaylah,Pennsylvania,Cook Islands,62688,25.1284,-75.1924,Chief Functionality Facilitator,209.00,66916acdc5d023f89ccba780
Linda,Mitchell,Linda-Mitchell,izLw1yz0rIRrklK,1-855-712-8509,38186 Keshawn Mews,South Jayce,Indiana,Costa Rica,06014-5395,-53.4758,-56.6758,Regional Communications Technician,552.00,66916acdc5d023f89ccba781
Jarrett,Langosh,Jarrett-Langosh,5CZxfdYRC_t4Kmf,869.356.5418 x89791,37835 Rogahn Views,Temecula,Wyoming,Turks and Caicos Islands,71432,-82.5709,-156.1356,Global Tactics Representative,327.00,66916acdc5d023f89ccba782
Judson,Tillman,Judson-Tillman,WJTGzS0aBIxWFr3,622.730.2817,5060 Velva Land,Fort Newellview,Mississippi,Bolivia,59632-1918,-88.8297,-24.6076,Principal Data Executive,438.00,66916acdc5d023f89ccba783
Ross,Kozey,Ross-Kozey,WfkwcHdfYOWv5E9,(305) 376-6772 x8300,966 Jolie Rapid,Lake Elsinore,Maine,Dominican Republic,20830,39.9984,-100.9921,Global Marketing Orchestrator,47.00,66916acdc5d023f89ccba784
Shana,Reynolds,Shana-Reynolds,6rgT5jLphQqYn2a,1-324-281-3379 x7911,485 Grimes Crescent,Fort Millieshire,Kansas,Belgium,53516,87.819,-16.5935,Global Integration Liaison,849.00,66916acdc5d023f89ccba785
Emmy,Lang,Emmy-Lang,f4QdoSqPPUybIFg,(640) 376-2514 x772,19804 Walter Curve,Lake Cathryn,Delaware,Antigua and Barbuda,99096,-25.5,-2.4552,District Interactions Associate,503.00,66916acdc5d023f89ccba786
Zachary,Purdy,Zachary-Purdy,GjCWR4s6lQm19Ko,817.620.4174 x285,754 Eloise Coves,West Royal,Hawaii,Mozambique,86942,-11.7344,-80.9391,Senior Security Planner,614.00,66916acdc5d023f89ccba787
Hazle,Cummings,Hazle-Cummings,Db3nfisdRuzPhpy,510.395.3413 x28844,972 Dakota Burgs,North Julianne,New Jersey,Pitcairn Islands,59365-9160,42.9693,-72.4097,Forward Program Planner,822.00,66916acdc5d023f89ccba788
Kolby,Cronin,Kolby-Cronin,UGrrJ_Aht5G4SQB,(752) 406-5661 x650,2352 Schmidt Forge,Port Waynefort,Louisiana,Solomon Islands,94831,87.0749,-31.6618,Customer Brand Liaison,323.00,66916acdc5d023f89ccba789
Julien,Wilderman,Julien-Wilderman,szMJyfFi9UctbG5,637.568.8507 x2731,243 Shaina Springs,Hermanmouth,South Dakota,Saint Barthelemy,89611,67.6764,145.1126,National Accounts Assistant,174.00,66916acdc5d023f89ccba78a
Heber,Fritsch,Heber-Fritsch,m_h8LoCuWKVd7Wr,(894) 960-4876,72234 Kerluke Mountains,Fort Rylee,Ohio,Trinidad and Tobago,50730-4371,-58.4848,-119.687,District Accounts Developer,463.00,66916acdc5d023f89ccba78b
Cecelia,Streich,Cecelia-Streich,XvWIsH8zb0uqreI,634.727.3407 x643,35413 Tyler Oval,Terre Haute,Montana,Hungary,10826,47.1967,125.7218,Legacy Solutions Specialist,33.00,66916acdc5d023f89ccba78c
Aniyah,Gulgowski,Aniyah-Gulgowski,wxfz3ZC9PgKRli1,(359) 559-5358 x4665,149 Gusikowski Glen,Lake Vernon,Alaska,South Sudan,37824,-57.5537,-4.2778,Direct Tactics Supervisor,904.00,66916acdc5d023f89ccba78d
Macy,Kiehn,Macy-Kiehn,iHTs0ckvbU25DKP,(875) 406-0706 x488,70720 Ellis Hills,Mrazton,Maine,Georgia,93197-6904,2.1213,-149.4139,Dynamic Optimization Administrator,943.00,66916acdc5d023f89ccba78e
Jared,Grimes,Jared-Grimes,53OdKMobAUK_6Oo,877-479-3377 x7537,4430 Alexis Alley,Stiedemannland,Wyoming,Argentina,48295,-74.3638,-132.3847,Future Creative Coordinator,776.00,66916acdc5d023f89ccba78f
Lola,Connelly,Lola-Connelly,LlwR3U749ajw5sF,(742) 849-0413 x8338,757 Toy Freeway,Fort Heather,Texas,Samoa,86491-0884,-68.4169,-126.2138,National Directives Planner,982.00,66916acdc5d023f89ccba790
Kavon,Yundt,Kavon-Yundt,aVXrS1x9YT48of0,(932) 215-7202 x44161,94124 Adolph Rapid,Emmerichstad,Kansas,Mauritius,28253-6350,10.1075,127.4996,Product Operations Officer,255.00,66916acdc5d023f89ccba791
Zion,Farrell-Kerluke,Zion-Farrell-Kerluke,SviVIledL5eBzGZ,1-260-200-4732 x09713,459 Runolfsson Walk,Smithamside,Georgia,Mali,84541,-8.5322,-172.7352,Dynamic Data Executive,709.00,66916acdc5d023f89ccba792
Kenny,Corkery,Kenny-Corkery,AkmUpeiQgbpHOo6,1-566-476-4375 x203,760 Johns Row,Port Manleyfort,Illinois,South Georgia and the South Sandwich Islands,01264,-44.8195,-115.9955,District Tactics Engineer,405.00,66916acdc5d023f89ccba793
Michele,Thiel,Michele-Thiel,52ruK5X0SeuOhyF,1-520-451-6566 x978,5522 Brock Inlet,Fort Karen,Utah,Albania,43578,77.036,-11.0353,Legacy Security Officer,644.00,66916acdc5d023f89ccba794
Elvie,Mueller,Elvie-Mueller,W_nWwRB6neq3K8i,386-936-2958 x5330,9522 Olson Forge,Schuppefield,New Mexico,Canada,01928,54.9426,75.8002,Direct Configuration Facilitator,936.00,66916acdc5d023f89ccba795